STFID Number,County,Census Tract,Population,% Whites,% African Americans,% Native Americans,% Asians,% Pacific Islanders,% Persons of Other Races,% Persons of More than One Race,Hispanics of Any Race,% Hispanics of Any Race,Minority Persons,% Minority Persons,Median Household Income,% Persons Below Poverty Level,Median Home Value,Owner-Occupied Units,Renter-Occupied Units,% Owner-Occupied Units,% Renter-Occupied Units
290959808021,Jackson,9808.02,0,0,0,0,0,0,0,0,0,0,0,0,0,0,0,0,0,0,0
290470211026,Clay,211.02,768,78.9,9,1,2.3,2.6,1.4,4.7,41,5.3,182,23.7,77412,7.7,127652,202,125,61.8,38.2
290959801011,Jackson,9801.01,8,0,100,0,0,0,0,0,0,0,8,100,0,0,0,0,2,0,100
290470202013,Clay,202.01,1335,54.7,14.9,0.7,19.4,2,4,4.3,115,8.6,653,48.9,43704,16,100543,170,321,34.6,65.4
290950075003,Jackson,75,1144,72,16.8,0.9,1.5,0,6.6,2.2,62,5.4,349,30.5,40833,39,133036,73,107,40.6,59.4
290950152001,Jackson,152,1727,77.2,15.3,0.5,1.9,0.1,2,3,83,4.8,428,24.8,42237,17.4,233203,186,829,18.3,81.7
290370603051,Cass,603.05,4416,88,8.2,0.6,0.8,0,0.6,1.7,154,3.5,639,14.5,80579,9.3,183018,1494,54,96.5,3.5
290950134011,Jackson,134.01,1349,42.6,34.9,0.2,2.2,0,14.9,5.2,342,25.4,891,66,36000,29.4,135294,264,219,54.7,45.3
290950182001,Jackson,182,3225,83.6,11,0.2,1.8,0.1,1.1,2.2,122,3.8,599,18.6,110923,1.7,255527,944,40,95.9,4.1
290470213091,Clay,213.09,3995,89.8,3.1,0.1,5.2,0,0.5,1.3,129,3.2,514,12.9,128810,0.9,363667,995,292,77.3,22.7
290950021001,Jackson,21,608,62.7,10.4,0.5,9,0,11.7,5.8,220,36.2,361,59.4,30862,33.3,41955,122,94,56.5,43.5
290950061002,Jackson,61,599,1.7,93.2,0,0.2,0,0.5,4.5,16,2.7,590,98.5,28043,43.2,64754,184,82,69.2,30.8
290950065001,Jackson,65,837,60,30.8,1,2.6,0,2.6,3,52,6.2,360,43,50000,16.1,141538,148,274,35.1,64.9
290950133013,Jackson,133.01,1008,78.1,10.5,1.9,1.2,0.1,6.3,2,113,11.2,252,25,60441,5.3,83409,313,77,80.3,19.7
290950009003,Jackson,9,544,52.9,14,0.4,6.8,0,21.7,4.2,190,34.9,315,57.9,32895,33.3,68247,102,94,52,48
290950018003,Jackson,18,785,32.7,41.1,0.5,3.8,0.8,19.5,1.5,220,28,582,74.1,24286,26.5,87273,69,156,30.7,69.3
290950007004,Jackson,7,1057,44.4,9.3,0.8,7.1,0.2,34.4,3.9,527,49.9,737,69.7,25769,33.6,70238,196,140,58.3,41.7
290950124002,Jackson,124,770,81.6,11.3,0.1,0.4,0,2.9,3.8,58,7.5,166,21.6,75556,5.5,120417,244,71,77.5,22.5
291650302101,Platte,302.1,1720,82.1,7.8,0.2,4.7,0.3,1.9,3,106,6.2,369,21.5,84709,13.6,241608,413,174,70.4,29.6
290950139012,Jackson,139.01,3220,97,0.6,0.4,0.5,0.2,0.5,0.8,43,1.3,119,3.7,80512,2.3,294692,1110,88,92.7,7.3
291650304012,Platte,304.01,1852,95,0.9,0.2,0.8,0.1,1.2,1.8,86,4.6,149,8,113176,1.9,283571,555,21,96.4,3.6
290950116002,Jackson,116,908,86.2,3.5,1.5,0.9,1.1,2.1,4.6,52,5.7,145,16,34302,21.6,74344,197,197,50,50
290950010003,Jackson,10,1328,19.9,67.1,0.4,4.5,0,3,5.1,94,7.1,1108,83.4,14056,33.4,114286,67,417,13.8,86.2
290950150003,Jackson,150,1061,94.3,0.5,0.7,0.3,0.3,1.8,2.3,43,4.1,84,7.9,45417,5.8,104167,283,113,71.5,28.5
290950054001,Jackson,54,903,4.4,90.3,0.1,0.4,0,2.2,2.5,32,3.5,870,96.3,22500,42.9,85789,150,208,41.9,58.1
290950181003,Jackson,181,1735,78.7,15.6,0.3,2.9,0,0.3,2.1,56,3.2,410,23.6,101027,1,274202,535,18,96.7,3.3
290950132034,Jackson,132.03,952,23.7,65,0,0.4,0.1,6.2,4.5,95,10,746,78.4,22226,28.2,76129,136,185,42.4,57.6
290950106004,Jackson,106,660,55.2,22.4,1.1,0.3,0.2,17.7,3.2,141,21.4,305,46.2,32578,6.1,78200,181,54,77,23
291650302111,Platte,302.11,791,86.1,7,0,1.4,0.5,1.8,3.3,42,5.3,131,16.6,56622,10,204358,274,83,76.8,23.2
290950088005,Jackson,88,973,3,95.5,0.2,0,0,0.3,1,13,1.3,945,97.1,29934,30.3,65577,202,189,51.7,48.3
290470217011,Clay,217.01,1267,95.2,0.8,0.3,0.8,0,0.2,2.7,40,3.2,91,7.2,36154,8.3,126741,332,127,72.3,27.7
290950149041,Jackson,149.04,1873,87.5,5.6,0.6,1,0.2,1.9,3.3,123,6.6,307,16.4,51111,9.7,144746,510,167,75.3,24.7
291650300021,Platte,300.02,819,92.6,2.4,0.5,1.3,0.2,1.3,1.6,24,2.9,74,9,56731,18.6,135811,236,83,74,26
290950113001,Jackson,113,2771,85.1,6.1,0.4,0.4,1.6,1.7,4.8,168,6.1,485,17.5,35947,24.2,92290,792,322,71.1,28.9
290950136084,Jackson,136.08,2221,85.4,8.6,0.1,2.3,0,0.8,2.8,80,3.6,387,17.4,82831,11.5,195956,645,109,85.5,14.5
290950140052,Jackson,140.05,3197,95.4,0.6,0.8,0.8,0.3,0.8,1.3,108,3.4,216,6.8,59375,5.4,115436,772,343,69.2,30.8
290950090004,Jackson,90,1115,13.5,80.7,0.3,0.4,0,1,4,29,2.6,969,86.9,42344,14.6,72725,306,130,70.2,29.8
290470218053,Clay,218.05,3409,96.7,0.1,0.6,0.2,0.2,0.4,1.6,100,2.9,179,5.3,71405,2.3,149792,980,222,81.5,18.5
291650303057,Platte,303.05,708,88.4,5.4,0.1,0.4,0.1,2,3.5,57,8.1,116,16.4,75493,6,176582,176,62,73.9,26.1
290470206041,Clay,206.04,1237,72.7,13.3,0.6,4,0.3,5.7,3.3,131,10.6,389,31.4,62736,11,123005,300,176,63,37
290950076003,Jackson,76,876,4.7,91.8,0,0.1,0.1,0.7,2.6,16,1.8,835,95.3,27500,34,57591,194,135,59,41
290950008002,Jackson,8,1274,44,17.2,1.9,3.4,0.1,26.8,6.7,555,43.6,889,69.8,26786,30.3,65645,225,156,59.1,40.9
290950142043,Jackson,142.04,3404,69.6,24.4,0.4,0.9,0.1,0.9,3.7,106,3.1,1096,32.2,54028,10.5,155567,549,715,43.4,56.6
290950134101,Jackson,134.1,3438,65.7,23.3,0.7,1.3,0.1,3.9,4.9,271,7.9,1261,36.7,30915,26,77867,479,952,33.5,66.5
290470222002,Clay,222,719,89,3.6,1.7,1.5,0,1.4,2.8,43,6,98,13.6,61016,2.5,98923,214,62,77.5,22.5
290370600043,Cass,600.04,997,75.9,6.1,1.4,2.3,0,9.9,4.3,148,14.8,273,27.4,35417,17.7,18668,164,222,42.5,57.5
290950115002,Jackson,115,1037,75.5,12.6,0.6,0.9,0.2,4.1,6.2,72,6.9,281,27.1,22700,29.5,74321,219,173,55.9,44.1
290950085002,Jackson,85,745,91.9,2.6,0.3,3.2,0,1.1,0.9,17,2.3,70,9.4,127344,3.1,336194,317,10,96.9,3.1
290470212053,Clay,212.05,1989,83.1,8.4,0,2.1,0.2,2.5,3.8,133,6.7,403,20.3,68471,3.9,212010,452,405,52.7,47.3
290950007001,Jackson,7,1229,51,12.3,1.6,7.1,0,23.4,4.6,604,49.1,857,69.7,35381,33.6,71468,193,172,52.9,47.1
291650303053,Platte,303.05,1719,92.4,1.9,0.6,1.3,0.2,0.8,2.7,75,4.4,188,10.9,89881,6,174854,574,62,90.3,9.7
290950129064,Jackson,129.06,754,35.3,56.8,0.5,0.5,0.1,2.5,4.2,36,4.8,500,66.3,49306,13.8,111557,242,41,85.5,14.5
290470209021,Clay,209.02,1376,86.9,4.7,0.5,1.5,0.4,2.5,3.6,113,8.2,253,18.4,59744,5.2,144410,407,126,76.4,23.6
290950060002,Jackson,60,925,3.9,91.7,0.5,0,0,0.5,3.4,35,3.8,900,97.3,26983,44.2,55636,245,176,58.2,41.8
290470209022,Clay,209.02,993,89.7,2.1,0.4,1.1,0.1,2,4.5,121,12.2,181,18.2,56371,5.2,117965,330,37,89.9,10.1
291650302053,Platte,302.05,2086,79.7,12.3,1.4,1.2,0.3,1.2,3.9,160,7.7,530,25.4,60000,7.1,214177,411,464,47,53
290950136081,Jackson,136.08,1013,94.1,2.5,0.3,0.3,0.1,1.1,1.7,35,3.5,81,8,62690,11.5,137868,270,254,51.5,48.5
290470211014,Clay,211.01,659,92.9,2,0.6,2.3,0,0.9,1.4,22,3.3,63,9.6,33068,10.7,103333,244,47,83.8,16.2
290470221002,Clay,221,292,66.1,21.6,1,1.7,0,6.2,3.4,29,9.9,108,37,28849,6.6,0,3,196,1.5,98.5
290950077002,Jackson,77,971,2,94.2,0.4,0,0,0.7,2.7,22,2.3,962,99.1,21111,32.2,55625,221,200,52.5,47.5
290950106001,Jackson,106,891,78.9,13.9,0.3,1.1,0,3.7,2,66,7.4,216,24.2,56786,6.1,116216,327,36,90.1,9.9
290950174001,Jackson,174,989,47.2,35.7,0.4,8.1,0.8,3.1,4.7,48,4.9,530,53.6,42000,16.5,167391,106,287,27,73
290370603022,Cass,603.02,1860,92.8,2.7,0.4,0.6,0,0.4,3.2,42,2.3,158,8.5,41587,2.4,116349,479,299,61.6,38.4
290470212043,Clay,212.04,1758,69.8,15.9,0.5,1.9,0.3,5.5,6.2,194,11,590,33.6,24984,18.6,169196,84,759,10,90
290950125023,Jackson,125.02,1524,72.6,19.3,0.4,1.8,0.4,1.8,3.7,85,5.6,457,30,52964,5.4,113611,487,150,76.5,23.5
290950151002,Jackson,151,2059,89.6,2.7,0.6,0.7,1.4,1.4,3.6,99,4.8,267,13,58971,11.7,93456,471,233,66.9,33.1
290950140022,Jackson,140.02,1073,96,0.2,0.7,0.6,0.1,0.4,2.1,17,1.6,49,4.6,62885,0.7,140000,349,59,85.5,14.5
290370606003,Cass,606,1422,95.1,0.7,0.1,0.4,0.1,1.8,1.8,81,5.7,121,8.5,43864,6.1,105867,278,264,51.3,48.7
290950141054,Jackson,141.05,2006,89.2,4.1,0.9,0.7,0.2,1.5,3.3,131,6.5,303,15.1,70954,3.7,121011,522,177,74.7,25.3
290470213051,Clay,213.05,1877,86,5,0.5,2.1,0.3,2.6,3.6,157,8.4,358,19.1,80248,3.7,141538,542,98,84.7,15.3
290950071003,Jackson,71,997,91.3,2.5,0.4,2,0,0.9,2.9,54,5.4,121,12.1,54058,23.4,169672,323,289,52.8,47.2
291650304011,Platte,304.01,1074,90.6,4.3,0.3,1.5,0,0.9,2.4,52,4.8,138,12.8,97039,1.9,214076,338,42,88.9,11.1
290950177002,Jackson,177,3338,91.4,2.7,0.6,1.5,0.8,1.1,1.9,186,5.6,416,12.5,68417,6.3,124074,1039,85,92.4,7.6
290950127011,Jackson,127.01,1400,76.2,18.3,0.8,1.6,0,1.1,2.1,50,3.6,365,26.1,49130,6.2,124332,449,153,74.6,25.4
290950122001,Jackson,122,1411,88.2,3.3,0.6,0.4,1.6,2.7,3.2,104,7.4,222,15.7,42659,9.2,99138,389,164,70.3,29.7
290470213102,Clay,213.1,3836,90.7,3.6,0.2,2,0.1,1.4,2.1,206,5.4,492,12.8,93862,2.5,206981,1277,65,95.2,4.8
291650305005,Platte,305,638,89.8,3.8,0,0.9,0,2.4,3.1,29,4.5,79,12.4,65956,8.6,136782,155,116,57.2,42.8
290950149051,Jackson,149.05,4019,93.2,2.8,0.2,1.4,0.1,0.6,1.7,136,3.4,379,9.4,104745,4.7,212112,1328,44,96.8,3.2
290470211011,Clay,211.01,711,83.7,5.6,0.6,1,0.6,5.5,3.1,79,11.1,152,21.4,38258,10.7,128671,214,72,74.8,25.2
290470202022,Clay,202.02,875,93.7,1.3,0.3,3.4,0,0.5,0.8,42,4.8,91,10.4,63659,2.4,169318,329,76,81.2,18.8
290470206022,Clay,206.02,654,83.3,11.3,0.8,1.4,0,1.1,2.1,45,6.9,142,21.7,27750,11.2,118018,161,128,55.7,44.3
290470212052,Clay,212.05,2572,86.9,4.7,0.3,4,0.1,1.4,2.5,148,5.8,420,16.3,85227,3.9,248636,681,290,70.1,29.9
290950160001,Jackson,160,935,21.4,57.6,0.2,1.9,0,14,4.8,213,22.8,799,85.5,17652,50.9,54615,79,260,23.3,76.7
290470206025,Clay,206.02,811,44.9,41.6,0.1,2.8,1.2,2.8,6.5,72,8.9,489,60.3,22647,11.2,0,0,272,0,100
290950178004,Jackson,178,1008,31.4,60.2,0.5,1,0,1.9,5,50,5,714,70.8,12708,36.4,175000,54,538,9.1,90.9
290950055001,Jackson,55,886,3.5,91.8,0.5,0.1,0.1,0.6,3.5,15,1.7,860,97.1,11802,55,33894,165,181,47.7,52.3
290950128041,Jackson,128.04,1337,35.3,56.8,1.3,1.3,0.1,0.7,4.3,50,3.7,887,66.3,26968,14.7,95663,234,317,42.5,57.5
290470210032,Clay,210.03,1778,86.1,7.9,0.2,1.6,0.1,1.4,2.8,87,4.9,303,17,53104,7.9,151579,469,426,52.4,47.6
290470218032,Clay,218.03,1815,90.9,4.5,0.1,0.9,0,1.7,2,109,6,238,13.1,95427,1.7,177778,551,31,94.7,5.3
290950119002,Jackson,119,685,84.7,5.4,1.2,1.2,1,4.8,1.8,95,13.9,155,22.6,41316,14.9,68750,212,78,73.1,26.9
290370606002,Cass,606,955,94.9,1,0.8,0.8,0.1,0.5,1.8,36,3.8,76,8,45966,6.1,103271,252,112,69.2,30.8
290950056012,Jackson,56.01,883,5.7,86.4,0.3,0,0,1.9,5.7,41,4.6,833,94.3,25486,39.1,77632,155,159,49.4,50.6
290470212064,Clay,212.06,1318,91.7,3.7,0.4,1.5,0,1.4,1.2,69,5.2,151,11.5,108621,2.2,189651,439,21,95.4,4.6
290950073002,Jackson,73,1367,79.1,5.6,0.3,9.9,0.1,2,2.9,48,3.5,311,22.8,29952,15.1,569853,77,905,7.8,92.2
290470212063,Clay,212.06,798,84.7,7.1,1.4,1.8,0.8,2.1,2.1,70,8.8,161,20.2,69828,2.2,141736,333,22,93.8,6.2
290470206044,Clay,206.04,1171,82.7,6.1,1,1.4,0,4.2,4.7,139,11.9,272,23.2,40333,11,107414,310,170,64.6,35.4
290950117003,Jackson,117,758,90.1,3.6,0.1,0.4,1.7,1.6,2.5,42,5.5,97,12.8,32841,17.7,78099,168,138,54.9,45.1
290950112002,Jackson,112,962,89.8,2.9,0.4,0.5,0,1.8,4.6,54,5.6,116,12.1,56944,13.9,96618,327,48,87.2,12.8
290950114011,Jackson,114.01,1453,89.1,2.3,0.6,1.9,0.1,3.2,2.8,96,6.6,184,12.7,45222,14.7,110147,473,109,81.3,18.7
290470221005,Clay,221,814,72,12.9,1.7,3.4,0,4.1,5.9,96,11.8,267,32.8,26923,6.6,151471,112,329,25.4,74.6
290950148063,Jackson,148.06,912,84.9,4.2,0.2,4.2,0,2.2,4.4,33,3.6,151,16.6,110250,1.1,156731,291,17,94.5,5.5
291650303081,Platte,303.08,2908,80.2,8.6,0.6,5.4,0.1,2.6,2.6,255,8.8,735,25.3,51358,5.8,208951,397,1136,25.9,74.1
290950116004,Jackson,116,680,91,3.8,0.4,0,1.5,0.7,2.5,15,2.2,70,10.3,18448,21.6,161047,151,211,41.7,58.3
290950166002,Jackson,166,681,4,92.4,0.3,0,0,2.5,0.9,28,4.1,658,96.6,13426,50.2,34936,120,134,47.2,52.8
290470216003,Clay,216,3930,89.8,4.1,0.6,1.4,0.2,0.8,3,173,4.4,522,13.3,64315,9.3,177404,972,261,78.8,21.2
290950146042,Jackson,146.04,2887,82,7.8,0.6,1.7,0.5,3.1,4.4,231,8,626,21.7,36429,13.9,129511,463,981,32.1,67.9
290950135042,Jackson,135.04,1715,84.7,9.9,0.3,1.6,0.3,0.8,2.3,53,3.1,289,16.9,81099,2.6,212185,438,290,60.2,39.8
290950153002,Jackson,153,845,57.5,3.9,0.8,0,0,33.1,4.6,720,85.2,760,89.9,49202,32.7,73571,189,90,67.7,32.3
290950079005,Jackson,79,777,6.3,88.7,0.8,0,0,1.3,3,21,2.7,735,94.6,25937,40.8,48214,144,155,48.2,51.8
290470212042,Clay,212.04,796,79.8,4,0.8,8.2,0,4.5,2.8,84,10.6,201,25.3,46490,18.6,20669,290,35,89.2,10.8
290950034002,Jackson,34,732,32,40.7,0.4,0.7,0,20.9,5.3,293,40,612,83.6,29545,48.5,54583,108,138,43.9,56.1
290950079002,Jackson,79,615,5,90.4,0.7,0,0,0,3.9,20,3.3,594,96.6,18889,40.8,87857,112,106,51.4,48.6
290950137041,Jackson,137.04,1805,91.9,3.9,0.5,0.4,0.2,1.1,2,58,3.2,183,10.1,70197,4.1,173643,605,168,78.3,21.7
290950138025,Jackson,138.02,2032,86.9,7.9,0.2,1.6,0.3,1,2,77,3.8,309,15.2,79931,3.6,184428,589,47,92.6,7.4
290370608002,Cass,608,2881,96.8,0.7,0.3,0.6,0.1,0.5,1,48,1.7,116,4,64731,8.3,180030,843,232,78.4,21.6
290950018001,Jackson,18,842,34.4,21.4,1.7,6.8,0.4,30.8,4.6,394,46.8,661,78.5,32442,26.5,59868,76,179,29.8,70.2
291650302081,Platte,302.08,2470,93.4,2,0.5,1.5,0,0.9,1.6,88,3.6,223,9,100260,2.2,281092,908,56,94.2,5.8
290950073003,Jackson,73,835,86.3,2.9,0.4,8.6,0,0.4,1.4,34,4.1,145,17.4,69107,15.1,341358,243,351,40.9,59.1
290950153003,Jackson,153,879,72.7,4.6,1.3,0.6,0.1,15.9,4.9,395,44.9,464,52.8,26107,32.7,160897,177,270,39.6,60.4
290950193002,Jackson,193,2390,87.6,7.4,0.4,0.5,0.2,2,1.9,99,4.1,354,14.8,75943,10.9,142045,758,100,88.3,11.7
290950066002,Jackson,66,1002,80.1,10.3,0.2,2.5,0.1,4,2.8,67,6.7,216,21.6,40583,22.7,154225,241,262,47.9,52.1
290950023001,Jackson,23,897,30.3,42.5,1.2,0.9,0.3,19.5,5.2,292,32.6,719,80.2,18281,32.2,80526,102,242,29.7,70.3
290950119004,Jackson,119,827,81.5,5.9,0.5,1.6,0.7,7.9,1.9,98,11.9,182,22,41842,14.9,77407,285,83,77.4,22.6
291650303082,Platte,303.08,2115,85.6,6.2,0.4,4.7,0,0.9,2,128,6.1,394,18.6,89607,5.8,179469,686,49,93.3,6.7
290950128044,Jackson,128.04,1648,72.6,18.1,0.2,0.4,0.2,4.2,4.4,129,7.8,493,29.9,52890,14.7,97970,508,110,82.2,17.8
290950110005,Jackson,110,1163,83,4.1,0.6,1.6,1.2,6.4,3.1,124,10.7,233,20,22935,25,69792,233,280,45.4,54.6
290950072001,Jackson,72,673,95.1,1.2,0.3,1.6,0,1,0.7,13,1.9,46,6.8,133500,11.7,935345,285,6,97.9,2.1
290470218031,Clay,218.03,2857,89.5,4.1,0.2,2,0,1.4,2.8,133,4.7,382,13.4,88270,1.7,212391,871,138,86.3,13.7
291650306003,Platte,306,1083,97.9,0.1,0.3,0.7,0,0.2,0.8,13,1.2,34,3.1,66897,6.8,126301,334,90,78.8,21.2
290950141055,Jackson,141.05,1830,85.1,7.4,0.6,1.3,0.3,1.2,4,96,5.2,327,17.9,76667,3.7,189619,415,204,67,33
290950117004,Jackson,117,863,81.8,5.4,0.3,0.7,3,5.1,3.6,97,11.2,185,21.4,32500,17.7,74643,187,206,47.6,52.4
290950165002,Jackson,165,658,2.3,93.9,0.2,0,0.2,1.1,2.4,21,3.2,647,98.3,32500,14.6,38298,181,101,64.2,35.8
290950105003,Jackson,105,1254,49.6,38.7,0.4,0.3,0,4.9,6.1,147,11.7,686,54.7,37744,18.6,78953,305,150,67,33
290950171002,Jackson,171,662,4.8,92.4,0.2,0.2,0,0.9,1.5,15,2.3,632,95.5,28278,20.5,48707,150,184,44.9,55.1
290470202012,Clay,202.01,1650,70.8,9,0.5,13.8,0.4,2.5,2.9,129,7.8,539,32.7,41984,16,154847,199,690,22.4,77.6
290470218044,Clay,218.04,927,95.7,2,0.1,0,0,1.8,0.3,39,4.2,63,6.8,111699,2.4,223889,270,15,94.7,5.3
290950139021,Jackson,139.02,1282,95.4,1.6,0.7,0.4,0.1,0.3,1.5,16,1.2,71,5.5,75877,6.1,190257,368,101,78.5,21.5
290470223023,Clay,223.02,2637,93.5,2.9,0.4,1.5,0,0.2,1.5,74,2.8,231,8.8,85685,5.8,223908,785,136,85.2,14.8
290370614003,Cass,614,1280,95.9,0.2,0.5,0.6,0,1.1,1.6,40,3.1,78,6.1,49615,14.5,95094,304,226,57.4,42.6
290950120001,Jackson,120,1425,81.1,8.8,0.1,0.6,0.3,5.7,3.3,165,11.6,340,23.9,38814,9.9,121089,499,149,77,23
290950082001,Jackson,82,734,87.7,4.4,0.3,3.5,0,0.8,3.3,25,3.4,113,15.4,103125,7.9,195089,282,50,84.9,15.1
290950088004,Jackson,88,848,13.8,80.5,0.5,0.1,0,0.5,4.6,20,2.4,737,86.9,26568,30.3,69884,173,124,58.2,41.8
290950146011,Jackson,146.01,2125,87.8,3.6,0.6,0.5,0.6,4.6,2.3,179,8.4,340,16,62531,10,123652,685,263,72.3,27.7
290959892001,Jackson,9892,0,0,0,0,0,0,0,0,0,0,0,0,0,0,0,0,0,0,0
290950172001,Jackson,172,1743,31.4,61.4,0.5,1,0.1,1.2,4.4,54,3.1,1209,69.4,46000,19.5,103348,422,293,59,41
290950132101,Jackson,132.1,1107,20.2,73,0.1,0.1,0,2,4.6,37,3.3,895,80.8,25000,19,102841,201,265,43.1,56.9
290470206043,Clay,206.04,722,85.6,4.2,1.5,0.6,1.2,4.2,2.8,76,10.5,152,21.1,52766,11,105405,221,59,78.9,21.1
290950077001,Jackson,77,653,4.1,91.9,0,0.2,0,0.9,2.9,19,2.9,634,97.1,27500,32.2,49292,118,160,42.4,57.6
290950111002,Jackson,111,863,91.1,1.7,0.2,0.8,0.3,3.6,2.2,66,7.6,107,12.4,39408,15.9,71850,250,140,64.1,35.9
290470210011,Clay,210.01,1929,73.8,9.5,0.4,2.1,0.3,8.8,5.1,311,16.1,597,30.9,28133,22.5,127068,269,664,28.8,71.2
290950164001,Jackson,164,551,20.3,65.7,1.6,0.4,0,6.7,5.3,69,12.5,456,82.8,29375,39.2,39286,98,96,50.5,49.5
290950130031,Jackson,130.03,882,17.3,76.1,0.6,1,0,2.8,2.2,42,4.8,741,84,58958,19.9,90187,230,73,75.9,24.1
290470203004,Clay,203,920,87.4,2.6,0.2,3.2,1,3,2.6,59,6.4,141,15.3,62036,13.8,137559,354,29,92.4,7.6
290950180002,Jackson,180,1968,86.7,7.2,0.5,0.4,0.1,3.2,1.9,144,7.3,333,16.9,40724,16,136000,425,415,50.6,49.4
290470221003,Clay,221,1028,84.2,7.5,0.7,3.7,0,1.7,2.2,65,6.3,202,19.6,43968,6.6,223980,121,544,18.2,81.8
290950006003,Jackson,6,962,52.6,3.5,0.6,5.2,0,34.3,3.7,592,61.5,685,71.2,18728,43.8,38684,154,137,52.9,47.1
290950178001,Jackson,178,756,42.6,47.5,0.1,1.7,0,6,2.1,77,10.2,459,60.7,22984,36.4,172500,60,410,12.8,87.2
290470223012,Clay,223.01,1012,92.8,3.2,0.5,1.3,0,0.7,1.6,55,5.4,116,11.5,87946,8,178693,328,17,95.1,4.9
290950145012,Jackson,145.01,2131,79.3,13.4,0.1,1.8,0.4,2.2,2.8,149,7,525,24.6,58182,7.7,150858,633,412,60.6,39.4
290950168001,Jackson,168,613,88.1,2.1,0.8,1.8,0.3,3.6,3.3,107,17.5,146,23.8,34741,24.5,167763,149,172,46.4,53.6
290470216001,Clay,216,1261,95.4,1.3,0.3,0.7,0,0.8,1.4,46,3.6,88,7,67929,9.3,206250,416,55,88.3,11.7
290950092001,Jackson,92,1276,95.1,1.4,0.2,0.7,0,0.5,2,56,4.4,107,8.4,104102,8.2,222452,501,55,90.1,9.9
290950140072,Jackson,140.07,1168,94.9,1.1,0.5,0.2,0.2,1.6,1.5,53,4.5,92,7.9,39224,19.6,102469,252,209,54.7,45.3
290470218041,Clay,218.04,1739,98.2,0.1,0.3,0.3,0.1,0.2,0.7,35,2,57,3.3,71849,2.4,230123,599,25,96,4
290950117001,Jackson,117,684,83,6.9,0.1,1.6,2,2.6,3.7,41,6,136,19.9,34531,17.7,77295,119,172,40.9,59.1
290950141141,Jackson,141.14,1847,93.6,3.4,0.2,1.4,0,0.2,1.2,21,1.1,132,7.1,111786,9.7,264502,614,26,95.9,4.1
290950020001,Jackson,20,979,49.1,8.6,0.8,6.2,0,28.6,6.6,474,48.4,653,66.7,38977,40.2,50000,176,149,54.2,45.8
290950006002,Jackson,6,1450,48.8,7.1,1.2,4.5,0.6,34.2,3.6,828,57.1,1028,70.9,35513,43.8,58665,223,254,46.8,53.2
290950150002,Jackson,150,749,96.3,0.3,1.3,0.1,0,0.3,1.7,23,3.1,50,6.7,63587,5.8,110169,239,44,84.5,15.5
290950110001,Jackson,110,922,88.4,2.3,1.5,0.5,1.1,3.7,2.5,93,10.1,150,16.3,37157,25,68378,249,129,65.9,34.1
291650305003,Platte,305,756,91.8,2.4,0.1,0.7,0,1.1,4,21,2.8,74,9.8,69688,8.6,169737,155,147,51.3,48.7
290950165003,Jackson,165,507,4.1,89.7,1,0.8,0,3.4,1,35,6.9,501,98.8,28750,14.6,43750,122,87,58.4,41.6
290470209015,Clay,209.01,1110,87.8,5.8,0.2,0.5,0.2,3.2,2.3,97,8.7,189,17,54531,6.7,116964,265,224,54.2,45.8
290950128031,Jackson,128.03,692,72.7,23.1,0.1,0.6,0,1.2,2.3,18,2.6,196,28.3,59191,4.8,108396,244,61,80,20
290370600012,Cass,600.01,1597,87.4,6.1,0.3,0.4,0,1.8,3.9,101,6.3,244,15.3,81958,8,146739,503,68,88.1,11.9
290950172004,Jackson,172,1362,49.9,41.4,0.1,1,0.1,3.7,3.9,109,8,720,52.9,35357,19.5,98031,313,227,58,42
291650305001,Platte,305,1184,90.1,4.8,0,1,0.1,1.9,2.1,50,4.2,143,12.1,59286,8.6,120896,215,298,41.9,58.1
291650305004,Platte,305,1845,90.8,3.7,0.7,1.2,0.4,0.5,2.7,80,4.3,232,12.6,74808,8.6,197573,455,235,65.9,34.1
290950168002,Jackson,168,699,89.8,2.1,0.4,0.9,0,5,1.7,110,15.7,138,19.7,54394,24.5,150904,214,152,58.5,41.5
290950098004,Jackson,98,635,65.4,26.6,0.5,0.2,0,3.6,3.8,55,8.7,241,38,46562,7.1,113782,190,91,67.6,32.4
290950171004,Jackson,171,1369,4.2,91.2,0,0.1,0.1,1.6,2.8,57,4.2,1332,97.3,26163,20.5,65175,324,224,59.1,40.9
290370611004,Cass,611,1093,97.5,0.1,0.5,0.2,0,0.2,1.5,12,1.1,35,3.2,77123,7.1,188043,375,50,88.2,11.8
290950079001,Jackson,79,1140,3.7,91.5,0.3,0.1,0.1,2,2.4,36,3.2,1105,96.9,22705,40.8,78500,155,255,37.8,62.2
290470217021,Clay,217.02,942,95,1.1,0.5,0,0.5,0.4,2.4,39,4.1,70,7.4,22008,19.2,84962,229,167,57.8,42.2
290950006004,Jackson,6,1168,50.3,8.6,1.7,5.1,1.1,27.5,5.7,601,51.5,802,68.7,19573,43.8,46625,212,154,57.9,42.1
290950146012,Jackson,146.01,1035,89.8,1.2,0.7,1.4,0.4,2.4,4.2,86,8.3,149,14.4,56574,10,118887,391,24,94.2,5.8
290950019001,Jackson,19,1277,42,13.5,0.6,6.8,0.2,33.4,3.4,694,54.3,980,76.7,26304,43.8,53750,187,196,48.8,51.2
290950058013,Jackson,58.01,716,5.4,87,0.4,0.1,0,2.2,4.7,39,5.4,687,95.9,13547,30.2,47396,79,285,21.7,78.3
290950136083,Jackson,136.08,848,80.2,13.3,0.1,3.4,0,1.1,1.9,18,2.1,176,20.8,125962,11.5,362987,251,7,97.3,2.7
290950115004,Jackson,115,1014,86.7,3.7,1.1,0.1,0.7,3.3,4.4,98,9.7,187,18.4,45338,29.5,95859,219,173,55.9,44.1
290950136061,Jackson,136.06,1429,93.2,3.7,0.2,0.8,0.1,0.5,1.5,31,2.2,118,8.3,115079,1.9,235656,510,25,95.3,4.7
290470211024,Clay,211.02,775,93.4,2.3,0.5,1.8,0,1,0.9,36,4.6,76,9.8,69375,7.7,144882,275,33,89.3,10.7
290950101031,Jackson,101.03,691,67.7,23.7,0.9,0.6,0,4.1,3,59,8.5,256,37,46522,13.4,123864,245,81,75.2,24.8
290950081001,Jackson,81,668,6,90.1,0.3,0,0,0.4,3.1,6,0.9,629,94.2,46181,19.6,63553,189,61,75.6,24.4
290950129062,Jackson,129.06,794,32.5,58.2,0,3.8,0,1.9,3.7,31,3.9,553,69.6,53261,13.8,137379,221,41,84.4,15.6
290470213032,Clay,213.03,1520,94,1.3,0.6,1.4,0.3,0.9,1.6,61,4,129,8.5,141667,13.4,328453,484,9,98.2,1.8
291650302094,Platte,302.09,1071,89.2,2.3,0.5,3.6,0.6,0.7,3.1,49,4.6,155,14.5,62277,6.1,150287,360,38,90.5,9.5
291650300011,Platte,300.01,2417,70.4,14,0.7,8.2,0.1,2.2,4.5,162,6.7,815,33.7,86938,10.5,177424,626,229,73.2,26.8
290950151001,Jackson,151,1495,93.4,2.1,0.6,0.3,0.7,0.5,2.3,62,4.1,139,9.3,61469,11.7,142251,467,66,87.6,12.4
290950132033,Jackson,132.03,898,23.1,67.1,0.6,0,0,4.7,4.6,71,7.9,718,80,36250,28.2,67786,122,157,43.7,56.3
290950146041,Jackson,146.04,772,87.3,4.3,0.3,2.5,0.1,2.2,3.4,47,6.1,130,16.8,33375,13.9,97723,207,191,52,48
290950138024,Jackson,138.02,1122,82.6,11.9,0.3,1.6,0.1,0.9,2.7,46,4.1,233,20.8,61023,3.6,141085,414,39,91.4,8.6
290950176004,Jackson,176,890,83.5,11.9,0.1,0.9,0,1.1,2.5,31,3.5,161,18.1,75313,4.5,176042,347,25,93.3,6.7
290370609041,Cass,609.04,1273,94.9,0.9,0.5,0.9,0,0.9,1.8,39,3.1,92,7.2,42788,7,118774,294,207,58.7,41.3
290370613002,Cass,613,2048,80.2,8.2,0.8,0.6,0,7.6,2.6,284,13.9,512,25,36724,19.2,114103,577,298,65.9,34.1
290950127012,Jackson,127.01,2622,70.1,23.3,0.2,0.9,0.1,1.4,4,116,4.4,842,32.1,55121,6.2,111189,807,248,76.5,23.5
290950106002,Jackson,106,1030,65.4,27.4,1.2,0.6,0.2,2.3,2.9,81,7.9,396,38.4,46212,6.1,112852,354,69,83.7,16.3
290950038001,Jackson,38,735,3.1,90.7,0.1,0,0,0.3,5.7,23,3.1,719,97.8,21750,50,66103,135,105,56.3,43.8
290950169002,Jackson,169,719,6.1,89.6,0.1,1.7,0,0.3,2.2,34,4.7,697,96.9,29038,27.9,45951,101,172,37,63
290950069002,Jackson,69,793,73.6,13.4,0.4,4.3,0.4,6.1,1.9,88,11.1,240,30.3,42404,23.8,144048,117,331,26.1,73.9
290470218043,Clay,218.04,2834,97.6,0.4,0.5,0.6,0,0.1,0.9,46,1.6,109,3.8,111667,2.4,272188,960,34,96.6,3.4
290950158001,Jackson,158,852,88.7,5.6,0.2,2.5,0,0.9,2,27,3.2,110,12.9,62264,10.5,250000,158,416,27.5,72.5
290370612002,Cass,612,1506,96.5,0.5,0.7,0.5,0,0.1,1.6,22,1.5,70,4.6,57879,8,144805,482,65,88.1,11.9
291650302071,Platte,302.07,2025,85.4,8.3,0.6,2.9,0,0.9,1.8,108,5.3,366,18.1,56869,7.5,219531,533,524,50.4,49.6
290950141142,Jackson,141.14,1900,91.3,4.5,0.3,0.6,0.1,0.8,2.5,58,3.1,194,10.2,85706,9.7,146886,603,54,91.8,8.2
290950018002,Jackson,18,596,47.5,23.7,0.7,11.4,0,11.7,5,172,28.9,400,67.1,46563,26.5,74643,123,92,57.2,42.8
290950141144,Jackson,141.14,1434,83.9,7.7,0.3,2,0.3,2.2,3.6,76,5.3,265,18.5,69479,9.7,155906,287,274,51.2,48.8
290950105005,Jackson,105,1280,40.2,50.3,0.2,0.6,0,2.7,6,77,6,789,61.6,30546,18.6,101418,307,231,57.1,42.9
290470209012,Clay,209.01,994,92.4,1.9,0.9,1.4,0,1.3,2.1,68,6.8,128,12.9,51000,6.7,113498,370,69,84.3,15.7
290950139161,Jackson,139.16,692,94.9,2,0.6,0.9,0,0.7,0.9,29,4.2,58,8.4,98732,2.9,314063,220,8,96.5,3.5
290950102032,Jackson,102.03,1394,55.8,33.9,0.1,4.1,0.3,1.4,4.4,63,4.5,651,46.7,71538,4.5,128743,340,157,68.4,31.6
290950102011,Jackson,102.01,1784,38.5,54.8,0.4,1,0.4,1,4,48,2.7,1117,62.6,14167,51.8,86964,224,572,28.1,71.9
290950091002,Jackson,91,802,90.4,4.5,0.2,2.5,0,0.2,2.1,9,1.1,84,10.5,80357,5.2,220755,331,19,94.6,5.4
290950140051,Jackson,140.05,2081,96.5,0.6,0.3,0.2,0,0.6,1.7,65,3.1,115,5.5,56083,5.4,132729,493,219,69.2,30.8
290370602022,Cass,602.02,935,89.3,5.6,0.3,0.5,0,0.6,3.6,26,2.8,115,12.3,58571,6.4,152160,280,40,87.5,12.5
290950168003,Jackson,168,1053,79.8,7.5,1.4,1.8,0,6.4,3.1,206,19.6,327,31.1,38309,24.5,140730,189,427,30.7,69.3
290370611002,Cass,611,988,97.6,0.2,0.4,1,0,0,0.8,10,1,32,3.2,69146,7.1,216875,329,60,84.6,15.4
290950051002,Jackson,51,849,46.4,27.2,0.2,1.6,0,21.6,2.9,243,28.6,500,58.9,14276,23.6,206818,53,306,14.8,85.2
291650307002,Platte,307,751,96.5,0,0.1,0.3,0,0.8,2.3,16,2.1,36,4.8,47125,7,131250,210,137,60.5,39.5
290470206024,Clay,206.02,1100,74.4,16.5,0.5,1.8,0,2.9,4,90,8.2,330,30,48287,11.2,158824,36,512,6.6,93.4
290950114052,Jackson,114.05,658,89.8,5.6,0.2,0.2,0.8,0.3,3.2,19,2.9,80,12.2,41300,53.3,85625,175,59,74.8,25.2
290470216005,Clay,216,891,92.6,1.5,1.3,0.3,0,1.6,2.7,34,3.8,83,9.3,36535,9.3,114444,339,33,91.1,8.9
290950131002,Jackson,131,671,68.4,25,0.4,0.6,0,2.7,2.8,39,5.8,228,34,33750,19.9,116981,227,67,77.2,22.8
290370604003,Cass,604,1825,94.4,2.6,0.2,0.8,0,0.5,1.5,37,2,122,6.7,106623,1,280618,664,16,97.6,2.4
290950100011,Jackson,100.01,633,87,9.8,0.2,0.9,0,0.9,1.1,26,4.1,95,15,65000,4.5,178237,284,41,87.4,12.6
290470213053,Clay,213.05,1958,89.6,4.4,0.4,1.4,0.1,2.2,1.9,139,7.1,268,13.7,82995,3.7,157910,559,75,88.2,11.8
291650303063,Platte,303.06,1076,95.4,0.1,0.9,1.6,0,0.3,1.7,32,3,76,7.1,162500,3,400000,314,9,97.2,2.8
290950126002,Jackson,126,1130,66.7,24.5,0.6,1.6,0,2.7,3.8,66,5.8,405,35.8,29487,11.2,89706,316,170,65,35
290470212051,Clay,212.05,1950,87.9,5,0.5,1.1,0.1,2,3.4,166,8.5,330,16.9,71859,3.9,156048,579,171,77.2,22.8
290950131003,Jackson,131,1168,25.5,67.8,0.9,1.1,0,1.8,2.9,39,3.3,880,75.3,42857,19.9,112367,364,85,81.1,18.9
290950141012,Jackson,141.01,872,84.9,7.3,0.3,1.8,0.2,1,4.4,43,4.9,152,17.4,33750,13.9,150746,200,157,56,44
290950093001,Jackson,93,688,89.8,2.9,0.3,2,0,2.2,2.8,51,7.4,96,14,58333,11.3,136325,281,106,72.6,27.4
291650301011,Platte,301.01,1979,91.5,2.5,0.4,1.9,0.5,1,2.3,109,5.5,252,12.7,101310,5.5,256250,665,50,93,7
290950106003,Jackson,106,640,75.5,17,0.5,1.4,0,2.8,2.8,43,6.7,175,27.3,58478,6.1,99275,208,21,90.8,9.2
291650301031,Platte,301.03,517,65.8,13.9,0.4,10.6,2.1,3.5,3.7,37,7.2,196,37.9,37778,8.4,95000,44,14,75.9,24.1
290470203003,Clay,203,600,89.3,4,1.7,1.8,0.2,0.7,2.3,29,4.8,83,13.8,44005,13.8,122794,216,41,84,16
290470202014,Clay,202.01,1022,81.8,7.6,0.7,2.3,1.3,2.8,3.5,88,8.6,231,22.6,47500,16,98051,304,140,68.5,31.5
290370606001,Cass,606,2421,94.2,0.9,0.7,0.5,0.1,1.6,2,89,3.7,175,7.2,73940,6.1,164865,633,247,71.9,28.1
290950148041,Jackson,148.04,2665,94.1,1.9,0.4,1.5,0,0.8,1.3,59,2.2,191,7.2,109948,2.2,241892,902,52,94.5,5.5
290950161001,Jackson,161,1466,6.1,89.3,0.3,0.3,0,1.8,2.1,46,3.1,1381,94.2,25858,17.6,72075,94,652,12.6,87.4
290950129043,Jackson,129.04,845,37.9,56.6,0.2,0.6,0,2.2,2.5,39,4.6,545,64.5,54836,8.1,118182,286,47,85.9,14.1
290950099001,Jackson,99,1275,78.7,15.1,0.7,1.5,0,1.3,2.7,74,5.8,326,25.6,62951,5.6,153157,431,205,67.8,32.2
290950132032,Jackson,132.03,1169,27.7,57.6,0.3,0.1,0.2,7.1,7.1,155,13.3,894,76.5,42548,28.2,67609,183,184,49.9,50.1
290950102041,Jackson,102.04,1937,59.7,28.5,0.1,6.1,0.2,2.1,3.4,71,3.7,801,41.4,66323,21.5,120280,181,652,21.7,78.3
290950186001,Jackson,186,2092,94.1,3.3,0.2,0.9,0,0.8,0.9,72,3.4,179,8.6,103125,0,172740,670,31,95.6,4.4
290470220002,Clay,220,3299,95.1,1,0.5,0.6,0.1,0.4,2.2,94,2.8,231,7,58924,12.4,170892,892,317,73.8,26.2
290950057001,Jackson,57,527,3.8,92.6,0.6,0.2,0,0.8,2.1,14,2.7,509,96.6,27024,20.7,41123,141,95,59.7,40.3
290950153001,Jackson,153,1425,35.2,30.1,1.6,1.4,0.1,25.1,6.5,861,60.4,1328,93.2,24450,32.7,112500,213,295,41.9,58.1
290950158002,Jackson,158,633,66.2,28.9,0.6,0.5,0,1.6,2.2,48,7.6,244,38.5,49205,10.5,131250,21,191,9.9,90.1
290470217023,Clay,217.02,721,94.3,1,0.7,0.1,0,1.8,2.1,21,2.9,56,7.8,32045,19.2,75610,137,214,39,61
290950118001,Jackson,118,1999,85,4.7,1.3,0.5,1.2,4.2,3.2,143,7.2,349,17.5,35583,26.6,88750,468,458,50.5,49.5
290950181001,Jackson,181,865,88.2,7.9,0.2,1.7,0.3,0.3,1.3,18,2.1,117,13.5,99286,1,261017,273,5,98.2,1.8
290950080001,Jackson,80,818,2.6,93.3,0,0,0.1,1.2,2.8,17,2.1,800,97.8,29500,26.5,68350,191,117,62,38
290950086002,Jackson,86,1156,91.4,4.8,0,1.1,0,0.5,2.2,49,4.2,132,11.4,105410,6.2,231667,406,122,76.9,23.1
290470211013,Clay,211.01,975,84.6,4.6,0.8,1.2,0,3.6,5.1,92,9.4,190,19.5,38019,10.7,115556,215,234,47.9,52.1
290370613001,Cass,613,710,89.3,3.8,1,0.4,0,2.8,2.7,59,8.3,108,15.2,54000,19.2,114899,158,88,64.2,35.8
290370600041,Cass,600.04,1487,91.2,3.6,0.4,0.3,0.1,1.7,2.8,77,5.2,185,12.4,55333,17.7,117014,401,158,71.7,28.3
290950141052,Jackson,141.05,1715,91.9,3.8,0,0.2,0.1,1,3.1,68,4,177,10.3,69798,3.7,123805,543,50,91.6,8.4
290470222001,Clay,222,1214,84.4,5.7,1.4,0.3,0.7,3,4.4,117,9.6,255,21,52021,2.5,122531,397,46,89.6,10.4
290370602021,Cass,602.02,1450,92.3,3.3,0.4,0.3,0,1.7,2,60,4.1,142,9.8,75971,6.4,139583,453,62,88,12
290950071002,Jackson,71,741,84.8,5,1.2,2.3,0,4,2.7,78,10.5,149,20.1,45581,23.4,138846,165,296,35.8,64.2
290470223022,Clay,223.02,2750,94.1,1.2,0.4,0.9,0.1,0.7,2.5,123,4.5,260,9.5,77760,5.8,166872,887,77,92,8
290950078023,Jackson,78.02,985,1.8,96,0.3,0,0,0.2,1.6,5,0.5,967,98.2,18443,26.1,87000,193,293,39.7,60.3
290950093003,Jackson,93,933,87,7.3,0,1.2,0,1.2,3.3,76,8.1,177,19,52609,11.3,134211,345,159,68.5,31.5
291650306002,Platte,306,1276,97.9,0,0.4,0.5,0,0,1.3,27,2.1,54,4.2,81454,6.8,211111,455,39,92.1,7.9
290950067002,Jackson,67,930,62.7,17.2,0.9,1.9,0.2,13.9,3.2,191,20.5,396,42.6,24286,33,123980,115,400,22.3,77.7
290950092002,Jackson,92,621,92.8,3.4,0,1.6,0,0.8,1.4,32,5.2,73,11.8,41630,8.2,118347,254,94,73,27
290950100012,Jackson,100.01,1063,81.1,14,0.4,2.1,0,1.1,1.3,23,2.2,212,19.9,49694,4.5,168224,231,353,39.6,60.4
290950046001,Jackson,46,596,78.7,5.4,0.8,0.7,0,11.6,2.9,212,35.6,255,42.8,70885,18.3,216406,223,29,88.5,11.5
290950094001,Jackson,94,1161,62.7,31.4,0.9,0.7,0.3,1.7,2.2,58,5,453,39,33042,16.6,127083,331,361,47.8,52.2
290950141081,Jackson,141.08,3144,84.2,9,0.4,0.6,0.1,2.3,3.4,243,7.7,644,20.5,44528,14.3,133853,628,590,51.6,48.4
290950179001,Jackson,179,2145,79.3,10.3,0.2,4.1,0,1.8,4.3,123,5.7,513,23.9,71432,5.6,170792,609,175,77.7,22.3
290370613003,Cass,613,778,93.3,1.7,0.5,0.1,0.1,2.2,2.1,33,4.2,65,8.4,40278,19.2,89143,153,208,42.4,57.6
291650303054,Platte,303.05,1949,95.1,0.8,0.4,0.8,0.5,0.9,1.5,90,4.6,167,8.6,106923,6,209423,704,43,94.2,5.8
290950112001,Jackson,112,1126,90.3,1.8,0.2,1.7,1.8,1,3.3,66,5.9,157,13.9,62065,13.9,91856,333,63,84.1,15.9
290370614002,Cass,614,1673,95.8,1.3,0.6,0.7,0.1,0.6,1,35,2.1,93,5.6,57727,14.5,148454,403,276,59.4,40.6
290470223011,Clay,223.01,1378,90.7,4.4,0.4,0.4,0,0.9,3.3,66,4.8,167,12.1,41753,8,121696,332,251,56.9,43.1
290470212081,Clay,212.08,1526,75.8,16.3,0.1,2.9,0.6,2.1,2.2,110,7.2,426,27.9,60427,10.1,136882,395,163,70.8,29.2
290950053001,Jackson,53,708,5.2,90.1,0.3,0.1,0,1.8,2.4,32,4.5,685,96.8,14118,42.7,50789,139,114,54.9,45.1
290950151003,Jackson,151,2115,88.6,2.1,0.3,0.7,2.7,2.1,3.5,118,5.6,299,14.1,76675,11.7,127191,658,71,90.3,9.7
290950096001,Jackson,96,1060,25.6,68.7,0.8,0,0,1.6,3.4,37,3.5,800,75.5,14130,51.5,68000,118,276,29.9,70.1
290950186002,Jackson,186,951,88.4,6.4,0,1.7,0,0.7,2.7,23,2.4,127,13.4,85366,0,158871,310,25,92.5,7.5
290950044001,Jackson,44,288,81.3,6.9,0.3,6.3,0,3.1,2.1,27,9.4,70,24.3,72750,17,215441,173,38,82,18
290950150001,Jackson,150,1931,95.7,0.8,0.4,0.4,0.4,0.5,1.9,47,2.4,113,5.9,78941,5.8,179070,626,66,90.5,9.5
290950097002,Jackson,97,813,36,53.5,0,1.2,0,6,3.2,126,15.5,585,72,16167,29.6,141667,62,338,15.5,84.5
290950080003,Jackson,80,1178,1.4,94.8,0.2,1,0,0.3,2.4,22,1.9,1167,99.1,35492,26.5,122403,246,379,39.4,60.6
290950129034,Jackson,129.03,678,27.6,64.7,0.4,1.3,1,0.9,4,28,4.1,506,74.6,59524,19.1,98611,209,41,83.6,16.4
290470217012,Clay,217.01,2531,95.7,1.1,0.4,0.4,0,0.9,1.5,72,2.8,156,6.2,61789,8.3,138071,736,202,78.5,21.5
290950034004,Jackson,34,923,23.3,47.8,2.1,0.1,0,21.6,5.2,342,37.1,825,89.4,19722,48.5,46250,138,132,51.1,48.9
290950147022,Jackson,147.02,2067,92.1,2.2,0.4,1.7,0.4,1.3,2,75,3.6,207,10,76042,1.4,143768,757,66,92,8
290950135041,Jackson,135.04,1266,82.8,9.3,0.6,2.9,0.1,2.3,2,57,4.5,241,19,112148,2.6,234286,354,44,88.9,11.1
290950141201,Jackson,141.2,2771,89.8,5.1,0.3,0.9,0.1,1.2,2.6,143,5.2,373,13.5,84335,5.3,191216,840,170,83.2,16.8
290950003001,Jackson,3,1393,42.4,32.3,0.4,13.9,0.6,5.8,4.6,165,11.8,860,61.7,25456,49,158475,137,501,21.5,78.5
290950115005,Jackson,115,1014,82.5,5.2,0.7,1.5,1.7,3.7,4.6,93,9.2,221,21.8,40263,29.5,70842,236,194,54.9,45.1
290470214011,Clay,214.01,1822,85.2,8.6,0.4,1.4,0.2,1.2,3,102,5.6,329,18.1,46875,15.1,129808,192,202,48.7,51.3
290370612003,Cass,612,1423,96.6,0.4,0.5,0.1,0.2,1.1,1,29,2,59,4.1,48241,8,112275,386,151,71.9,28.1
290950143001,Jackson,143,1707,74,22.5,0.1,1.1,0,0.8,1.5,68,4,488,28.6,53088,6.9,145092,552,145,79.2,20.8
290950145021,Jackson,145.02,2326,90.4,3.4,0.5,1.3,0.3,2.4,1.8,164,7.1,317,13.6,49167,6,150938,900,164,84.6,15.4
290950172002,Jackson,172,908,28.5,60,0.7,0.3,1,6.2,3.3,83,9.1,664,73.1,41000,19.5,74490,178,200,47.1,52.9
290470214031,Clay,214.03,1596,92.9,3.1,0.5,0.4,0.1,1.2,1.9,90,5.6,178,11.2,43814,15.2,121113,424,307,58,42
290950121003,Jackson,121,1898,72.2,6.6,0.9,0.2,1,13.4,5.7,420,22.1,657,34.6,30962,16.1,85652,342,414,45.2,54.8
290950174002,Jackson,174,1719,17.2,73.4,0.1,2.4,0,2.9,4,118,6.9,1466,85.3,31250,16.5,99655,86,801,9.7,90.3
290950143003,Jackson,143,1261,82.2,13.6,0.3,1.2,0.2,0.5,2.1,27,2.1,238,18.9,81364,6.9,257658,324,33,90.8,9.2
290370605001,Cass,605,1804,98.3,0.4,0.1,0.2,0,0.2,0.7,26,1.4,48,2.7,71344,3.6,241389,581,55,91.4,8.6
290950129061,Jackson,129.06,1061,40.8,53.2,0.5,0.3,0.7,2.3,2.4,65,6.1,654,61.6,51047,13.8,97736,301,95,76,24
290950181002,Jackson,181,1372,94.2,3.2,0.1,0.7,0,0.1,1.7,53,3.9,131,9.5,97794,1,235271,456,15,96.8,3.2
290950161002,Jackson,161,580,6.6,86.9,0.7,0.3,0,1.4,4.1,18,3.1,549,94.7,26923,17.6,103409,86,255,25.2,74.8
290950176003,Jackson,176,727,51.2,42.8,0.3,1.9,0.3,0.6,3,38,5.2,375,51.6,57558,4.5,132692,243,73,76.9,23.1
290470222003,Clay,222,2125,89.8,2.8,0.8,1.2,0,1.5,4,166,7.8,322,15.2,62500,2.5,112558,630,103,85.9,14.1
290950173003,Jackson,173,925,71.1,21.1,0.4,2.8,0,1.1,3.5,44,4.8,289,31.2,48372,7.9,175806,160,330,32.7,67.3
290950121001,Jackson,121,1771,85.9,4.1,0.8,1.9,0.2,4.1,3,171,9.7,332,18.7,60550,16.1,116552,685,98,87.5,12.5
291650301021,Platte,301.02,3047,80,11.5,0.4,1.4,2,1.1,3.6,164,5.4,713,23.4,67397,4.6,201852,763,424,64.3,35.7
290370601002,Cass,601,1038,89.8,2.5,0.6,1.3,0.1,2.4,3.3,53,5.1,134,12.9,53291,8.2,90996,253,103,71.1,28.9
290950051001,Jackson,51,802,77.7,13.3,1,1.6,0,1.9,4.5,38,4.7,203,25.3,95153,23.6,387097,231,143,61.8,38.2
290950128022,Jackson,128.02,1983,63.7,30.8,0.1,1.2,0.5,1,2.7,70,3.5,753,38,64069,11.3,158117,673,175,79.4,20.6
290950173004,Jackson,173,863,84,11.7,0.1,0.6,0,1.2,2.4,22,2.5,149,17.3,62924,7.9,190244,328,29,91.9,8.1
290950097001,Jackson,97,660,14.5,76.5,0.2,1.1,0.2,1.8,5.8,28,4.2,568,86.1,27100,29.6,105556,29,264,9.9,90.1
290950140041,Jackson,140.04,1731,91.8,2.9,1.1,0.5,0,0.8,2.8,47,2.7,166,9.6,35927,20.3,108152,217,459,32.1,67.9
290470214041,Clay,214.04,2280,94.7,1.7,0.3,0.7,0,0.9,1.7,80,3.5,182,8,104318,5.3,214726,707,215,76.7,23.3
290950056011,Jackson,56.01,673,2.8,91.4,0.1,0,0,1,4.6,13,1.9,654,97.2,9676,39.1,40750,80,253,24,76
290950146013,Jackson,146.01,894,92.5,2.9,0.4,0.3,0.4,2.1,1.2,50,5.6,92,10.3,62921,10,122719,328,24,93.2,6.8
291650303055,Platte,303.05,943,95.7,1.6,0.7,0.6,0.6,0.1,0.6,20,2.1,57,6,62877,6,170000,319,66,82.9,17.1
290950141143,Jackson,141.14,2038,84,6.7,0.5,1.6,0.2,1.4,5.5,87,4.3,363,17.8,44484,9.7,176220,411,369,52.7,47.3
291650302092,Platte,302.09,2807,84.4,6.3,0.7,4,0.3,1.7,2.6,185,6.6,558,19.9,88559,6.1,199609,765,243,75.9,24.1
290950175003,Jackson,175,841,49.3,43.9,0.8,0.8,0,1.3,3.8,27,3.2,437,52,71471,13.6,131538,201,155,56.5,43.5
290950075002,Jackson,75,668,42.4,44.8,0,6.9,0,1,4.9,22,3.3,394,59,26190,39,150521,99,224,30.7,69.3
290950130032,Jackson,130.03,1524,31.1,61,0.4,0.3,0,3.7,3.5,104,6.8,1088,71.4,39012,19.9,89524,447,129,77.6,22.4
290950173002,Jackson,173,818,85.7,8.8,0.2,2.9,0,1.1,1.2,25,3.1,129,15.8,69783,7.9,174004,356,21,94.4,5.6
290950022001,Jackson,22,1268,46.1,15.8,0.6,4.6,0.2,27.4,5.4,625,49.3,911,71.8,18841,43.1,45783,205,262,43.9,56.1
290470217025,Clay,217.02,2027,86.2,7.9,1.2,0.8,0.3,0.6,3,79,3.9,324,16,45291,19.2,100962,525,134,79.7,20.3
290950141013,Jackson,141.01,1968,75.9,15.9,0.6,1.1,0.1,1.2,5.2,110,5.6,523,26.6,65106,13.9,125679,348,380,47.8,52.2
291650304013,Platte,304.01,1071,96.8,0.4,0.2,0.9,0.1,0.1,1.5,19,1.8,50,4.7,69600,1.9,197581,376,47,88.9,11.1
290470217022,Clay,217.02,922,93.9,2.3,0.8,0.2,0,0.3,2.5,30,3.3,74,8,34444,19.2,78732,249,139,64.2,35.8
290950071001,Jackson,71,1109,82.3,8.3,0.5,2.4,0.1,4.4,1.9,105,9.5,249,22.5,39821,23.4,133421,131,553,19.2,80.8
290470223013,Clay,223.01,624,96.5,3,0.2,0.2,0,0.2,0,8,1.3,29,4.6,32500,8,178182,164,113,59.2,40.8
291650302052,Platte,302.05,1773,81.3,11.1,0.8,1.9,0.1,2.2,2.7,144,8.1,410,23.1,49964,7.1,218421,402,414,49.3,50.7
290950154003,Jackson,154,1340,24.6,62.2,0.4,4.9,0.1,4.3,3.6,109,8.1,1043,77.8,16676,57,57759,91,501,15.4,84.6
290950127014,Jackson,127.01,958,74.8,18,0.7,0.8,0.4,2,3.2,49,5.1,264,27.6,39200,6.2,125217,307,76,80.2,19.8
291650302051,Platte,302.05,2830,85.3,7.7,0.4,3,0,1.3,2.3,174,6.1,522,18.4,47658,7.1,160000,578,827,41.1,58.9
290950134053,Jackson,134.05,679,26.2,67.7,0.3,0,0,0,5.7,24,3.5,513,75.6,25885,37.3,271429,42,198,17.5,82.5
290950116003,Jackson,116,949,86.8,6.8,0.9,0.7,0.1,2.4,2.1,50,5.3,149,15.7,17941,21.6,106731,86,457,15.8,84.2
290470223021,Clay,223.02,447,92.6,0.9,0.7,0.9,1.3,1.1,2.5,21,4.7,44,9.8,29057,5.8,108537,98,115,46,54
290950076002,Jackson,76,557,1.8,93.9,0.4,0,0,0.9,3.1,18,3.2,550,98.7,23450,34,48897,128,102,55.7,44.3
290950098002,Jackson,98,1019,88.2,5.4,0.2,1.9,0,2.7,1.6,78,7.7,170,16.7,50294,7.1,120890,455,68,87,13
290470205005,Clay,205,853,85.3,2.5,0.7,6.6,0,2,2.9,54,6.3,158,18.5,56197,13,124194,290,56,83.8,16.2
290950056022,Jackson,56.02,633,4.4,89.7,0,0,0,2.1,3.8,18,2.8,608,96.1,35167,34.5,44963,136,75,64.5,35.5
290470206031,Clay,206.03,676,82.7,7,0.3,2.1,0.1,3.3,4.6,43,6.4,137,20.3,45690,16.8,95625,168,107,61.1,38.9
290370600011,Cass,600.01,967,93.2,3.1,0,1.2,0.1,1.6,0.8,26,2.7,77,8,120486,8,648438,367,25,93.6,6.4
290470218061,Clay,218.06,659,97.9,0.9,0.3,0.2,0,0.2,0.6,15,2.3,28,4.2,86184,1.6,183567,243,9,96.4,3.6
290950123002,Jackson,123,1575,91.7,2.1,0.7,0.4,0.6,1.7,2.7,75,4.8,168,10.7,39583,9.6,87222,409,230,64,36
290370610021,Cass,610.02,4447,94.5,2.1,0.5,0.3,0.1,0.8,1.8,116,2.6,325,7.3,62808,6.1,156835,1223,431,73.9,26.1
290959883001,Jackson,9883,102,98,0,1,0,0,0,1,0,0,2,2,0,0,0,44,1,97.8,2.2
290950102043,Jackson,102.04,1108,46.9,41.1,0.5,2.2,0.5,6.8,2.1,98,8.8,604,54.5,33048,21.5,130000,88,464,15.9,84.1
290950138011,Jackson,138.01,2937,80,9.6,0.4,1.7,0.1,4.2,3.8,255,8.7,697,23.7,64115,7.9,158897,632,501,55.8,44.2
290950094004,Jackson,94,754,70.4,23.7,0.4,1.3,0,2,2.1,32,4.2,239,31.7,52581,16.6,150000,316,37,89.5,10.5
290470208015,Clay,208.01,2070,87.9,5.6,0.6,0.4,1.4,1.4,2.8,97,4.7,308,14.9,77861,10.6,147087,506,264,65.7,34.3
290950137031,Jackson,137.03,2426,86,5.8,0.7,0.5,0.2,2,4.7,159,6.6,411,16.9,40815,23.8,124387,487,651,42.8,57.2
290950125011,Jackson,125.01,1945,57,35,0.5,1.1,0,3.7,2.7,127,6.5,885,45.5,35910,14.3,100112,454,259,63.7,36.3
290470214012,Clay,214.01,2987,93.7,2.5,0.3,0.5,0,0.3,2.7,55,1.8,223,7.5,71891,15.1,195065,849,92,90.2,9.8
290950022002,Jackson,22,620,34.7,48.1,0.5,1,0,11.9,3.9,145,23.4,462,74.5,16111,43.1,85217,72,222,24.5,75.5
290950140042,Jackson,140.04,1140,94.8,1.1,0.4,1.3,0,1.2,1.2,69,6.1,110,9.6,53667,20.3,159821,309,107,74.3,25.7
290950141011,Jackson,141.01,2922,86.6,6.4,0.5,1.4,0.4,1.8,2.9,133,4.6,460,15.7,39024,13.9,127105,600,686,46.7,53.3
290470212072,Clay,212.07,906,84.3,8.5,0,3,0,1.4,2.8,61,6.7,184,20.3,68333,5.5,230804,149,288,34.1,65.9
290950116001,Jackson,116,883,84.9,7.2,0.8,0.3,0.1,3.5,3.1,54,6.1,148,16.8,23019,21.6,77000,146,297,33,67
290950091001,Jackson,91,954,57.1,37.2,0.2,2.2,0,1.3,2,36,3.8,432,45.3,67603,5.2,128797,400,54,88.1,11.9
290470218051,Clay,218.05,1439,96,0.5,0.4,0.3,0,0.6,2.2,36,2.5,81,5.6,90147,2.3,188133,438,29,93.8,6.2
290950185001,Jackson,185,3302,80.6,11.9,0.2,4,0.5,0.6,2.2,100,3,703,21.3,95412,2.8,225800,1054,123,89.5,10.5
290470203005,Clay,203,2490,68.5,13.5,0.4,8.8,0.6,5,3.2,253,10.2,889,35.7,37750,13.8,179717,483,531,47.6,52.4
290370614001,Cass,614,2357,91.9,2.6,0.9,0.8,0,1,2.8,59,2.5,223,9.5,44935,14.5,110060,479,325,59.6,40.4
290950119003,Jackson,119,985,84.1,7.2,0.9,1.1,0.3,4.9,1.5,113,11.5,207,21,38676,14.9,88151,369,59,86.2,13.8
290950121002,Jackson,121,1811,85.1,4.7,0.6,1,0,5.5,2.9,186,10.3,322,17.8,40379,16.1,93087,621,175,78,22
290950163002,Jackson,163,1429,26.2,65.5,0.3,1.5,0,2.8,3.7,85,5.9,1084,75.9,31190,51.8,75109,233,407,36.4,63.6
290950176002,Jackson,176,1152,69.9,26.9,0.2,0.9,0,0.6,1.6,36,3.1,374,32.5,85610,4.5,189151,422,24,94.6,5.4
290950133012,Jackson,133.01,1509,64.4,25.3,0.6,0.7,0.1,4.3,4.5,130,8.6,588,39,25313,5.3,92065,251,553,31.2,68.8
290470218052,Clay,218.05,1389,97.6,0,0.1,0.4,0,0.3,1.6,51,3.7,77,5.5,89269,2.3,186757,416,37,91.8,8.2
290470216004,Clay,216,1390,93.7,1.2,0.8,0.9,0.4,0.1,2.7,34,2.4,107,7.7,66277,9.3,213194,492,59,89.3,10.7
290950137032,Jackson,137.03,1653,72.2,17.9,0.6,0.6,0,1.9,6.8,123,7.4,522,31.6,18706,23.8,124194,186,467,28.5,71.5
290950115006,Jackson,115,952,83.9,8.3,0.7,0.7,2.2,0.8,3.3,70,7.4,200,21,37821,29.5,62216,171,195,46.7,53.3
290950128042,Jackson,128.04,2143,65.7,28.1,0.5,0.6,0,1.7,3.3,120,5.6,807,37.7,50882,14.7,113793,750,102,88,12
290950046002,Jackson,46,1229,71.3,20.8,0.6,1.5,0,2.8,3,116,9.4,429,34.9,33370,18.3,155392,252,434,36.7,63.3
290950079004,Jackson,79,562,6.2,87.7,0,0,0,2.5,3.6,22,3.9,530,94.3,24297,40.8,66500,109,113,49.1,50.9
290470212065,Clay,212.06,1995,89.2,4.6,0.3,2.7,0,1.3,2,85,4.3,280,14,87500,2.2,185604,720,33,95.6,4.4
290470219002,Clay,219,2211,96.3,1,0.5,0.5,0.1,0.5,1.1,36,1.6,103,4.7,83862,1.5,218584,761,44,94.5,5.5
290950057004,Jackson,57,483,0.8,95,0,0.2,0,1,2.9,6,1.2,479,99.2,25407,20.7,61957,107,84,56,44
290470203001,Clay,203,697,84.4,2.7,0.3,2.6,0.3,4,5.7,73,10.5,136,19.5,41111,13.8,111413,174,192,47.5,52.5
290950134083,Jackson,134.08,766,79,12.8,0.1,2.5,0,2.2,3.4,62,8.1,193,25.2,60000,8.5,183684,317,39,89,11
290370611001,Cass,611,864,97.2,1,0.3,0.1,0,0,1.3,6,0.7,29,3.4,34796,7.1,96667,237,124,65.7,34.3
290950135021,Jackson,135.02,2389,91.7,4.5,0.6,0.8,0,0.8,1.6,55,2.3,218,9.1,67887,3.4,154825,740,117,86.3,13.7
290950127013,Jackson,127.01,1832,68.2,26.9,0.3,0.5,0.6,1.2,2.3,54,2.9,612,33.4,53600,6.2,127865,521,180,74.3,25.7
290950008003,Jackson,8,683,48.9,10.5,0.4,14.8,0.7,20.8,3.8,243,35.6,432,63.3,26029,30.3,65283,139,105,57,43
290950116005,Jackson,116,781,88.2,2.2,0.4,0.3,2.7,1.4,4.9,62,7.9,122,15.6,41786,21.6,100625,222,96,69.8,30.2
290950133091,Jackson,133.09,1406,43.9,49.6,0.1,1.1,0.1,0.9,4.3,39,2.8,805,57.3,60066,5.2,127956,444,66,87.1,12.9
290950043001,Jackson,43,1090,40.2,49.1,0.6,3.8,0,4,2.4,87,8,680,62.4,14673,35,165234,93,397,19,81
290950149031,Jackson,149.03,937,96.3,0.6,0.2,0.4,0.1,0,2.3,21,2.2,51,5.4,64632,3.5,215761,302,44,87.3,12.7
290950023002,Jackson,23,1262,26.4,42.3,0.9,1,0.9,23.6,5,486,38.5,1067,84.5,32778,32.2,83704,235,159,59.6,40.4
290950134013,Jackson,134.01,433,46.9,22.6,0.7,0.5,0,27.3,2.1,156,36,262,60.5,30795,29.4,133929,35,143,19.7,80.3
290470221004,Clay,221,1569,74.4,10.5,0.5,3.4,0.8,6.9,3.4,241,15.4,509,32.4,51213,6.6,112302,311,475,39.6,60.4
290950105002,Jackson,105,950,54.8,36,1.1,0.3,0,3.3,4.5,61,6.4,444,46.7,27250,18.6,85366,188,201,48.3,51.7
290370609042,Cass,609.04,1896,95.5,0.6,0.9,0.6,0.1,0.8,1.4,62,3.3,118,6.2,49083,7,134004,482,259,65,35
290950094003,Jackson,94,1242,82.6,8.3,1,3.1,0,1.9,3.1,87,7,274,22.1,57258,16.6,112925,459,194,70.3,29.7
290950132081,Jackson,132.08,1536,18.4,77.9,0.3,0.3,0.1,1.2,1.7,60,3.9,1294,84.2,41273,25.4,97250,380,163,70,30
290370603023,Cass,603.02,2280,91.9,4.2,0.2,0.4,0,0.9,2.4,84,3.7,242,10.6,100962,2.4,236707,732,29,96.2,3.8
290950118002,Jackson,118,2089,83.8,7.5,0.5,0.5,0.1,3.4,4.2,187,9,412,19.7,33995,26.6,65935,528,342,60.7,39.3
290470208012,Clay,208.01,954,94.2,1.9,0.5,0.2,0,1,2.1,46,4.8,79,8.3,40915,10.6,81277,333,94,78,22
290950162002,Jackson,162,549,3.6,92.2,1.1,0,0,0.7,2.4,15,2.7,530,96.5,22581,33.7,43155,99,177,35.9,64.1
290950007003,Jackson,7,999,40.1,7.7,0.6,17,0,29.9,4.6,542,54.3,811,81.2,32548,33.6,61333,177,133,57.1,42.9
290950094002,Jackson,94,1232,28.9,61.4,0.8,1,0,3.1,4.8,80,6.5,901,73.1,12087,16.6,92593,162,445,26.7,73.3
290950083001,Jackson,83,1156,93,2.6,0.3,1.9,0.3,0.3,1.6,25,2.2,96,8.3,124691,2,319463,443,20,95.7,4.3
290950101032,Jackson,101.03,536,38.2,52.8,0.4,1.9,0.2,5,1.5,29,5.4,337,62.9,36786,13.4,148418,134,99,57.5,42.5
290950144002,Jackson,144,832,75.8,19,0.2,1.6,0.6,0,2.8,25,3,217,26.1,130106,6.5,350840,246,45,84.5,15.5
290950088003,Jackson,88,529,3.2,92.8,0.6,0,0.8,0.2,2.5,4,0.8,513,97,14858,30.3,47283,87,117,42.6,57.4
291650300022,Platte,300.02,2009,71.6,14.5,1.5,3.9,0.8,4.5,3.2,213,10.6,677,33.7,36036,18.6,176042,94,846,10,90
290950008001,Jackson,8,763,53.7,10.9,0.9,10.1,0,18,6.4,312,40.9,477,62.5,40053,30.3,59812,169,77,68.7,31.3
290950134051,Jackson,134.05,897,79.8,12,0.7,0.3,0,3.3,3.8,84,9.4,222,24.7,41149,37.3,128600,213,130,62.1,37.9
290370600013,Cass,600.01,1624,90.2,3.1,0.2,0.6,0.9,1.8,3.1,111,6.8,220,13.5,56209,8,135739,433,208,67.6,32.4
290950146043,Jackson,146.04,1078,80.9,7.2,1.1,1.4,0.1,5,4.3,102,9.5,236,21.9,44227,13.9,137250,236,272,46.5,53.5
290950034003,Jackson,34,676,27.2,39.3,0.7,0,0,27.2,5.5,298,44.1,589,87.1,19732,48.5,47845,104,115,47.5,52.5
290470211012,Clay,211.01,724,91.7,2.9,0.7,0.8,0.1,0.4,3.3,26,3.6,79,10.9,51931,10.7,122120,300,53,85,15
290470210043,Clay,210.04,856,85.6,4.4,0,0.6,0,4.6,4.8,115,13.4,187,21.8,51885,5.5,109110,295,46,86.5,13.5
290950129041,Jackson,129.04,845,29.7,56.8,0.2,6.3,0,2.1,4.9,33,3.9,606,71.7,60065,8.1,107857,254,58,81.4,18.6
290470206023,Clay,206.02,841,84.8,5.1,0.4,3.4,0.1,3.1,3.1,99,11.8,194,23.1,34667,11.2,127941,126,239,34.5,65.5
290370612001,Cass,612,1054,97.8,0.7,0.6,0.2,0,0,0.8,13,1.2,35,3.3,55506,8,132692,345,68,83.5,16.5
290950159001,Jackson,159,1683,46.8,43.7,0.1,4.8,0,2.4,2.3,88,5.2,930,55.3,50962,24.4,198864,310,257,54.7,45.3
290950147023,Jackson,147.02,1786,90.2,3.2,0.9,0.8,0.6,1.9,2.4,114,6.4,229,12.8,102641,1.4,162555,606,51,92.2,7.8
290950010001,Jackson,10,691,39.9,32,0.1,8.7,0.1,14.8,4.3,173,25,474,68.6,18438,33.4,116489,119,119,50,50
290950125022,Jackson,125.02,772,74.1,18,0.1,1.2,0.8,1.4,4.4,36,4.7,218,28.2,58250,5.4,106783,287,35,89.1,10.9
290470205004,Clay,205,781,56,30.6,0.5,2,0,4,6.9,85,10.9,377,48.3,9444,13,99091,92,210,30.5,69.5
290950141111,Jackson,141.11,2877,89.2,5.7,0.3,0.8,0.1,0.5,3.4,154,5.4,438,15.2,67500,7.6,169657,761,271,73.7,26.3
290950175002,Jackson,175,529,42,50.5,0.2,0,0.2,1.7,5.5,11,2.1,311,58.8,69643,13.6,94286,178,37,82.8,17.2
290950114014,Jackson,114.01,1434,90.7,5,0.3,1,0.2,0.2,2.5,58,4,179,12.5,56702,14.7,137500,508,50,91,9
290950139162,Jackson,139.16,3989,85.6,8.9,0.2,1.6,0.2,1.3,2.1,157,3.9,669,16.8,84759,2.9,162194,1131,225,83.4,16.6
290950133011,Jackson,133.01,1514,75.7,10.8,0.8,1,0.5,7.1,4.2,201,13.3,436,28.8,43629,5.3,92471,370,278,57.1,42.9
290950138023,Jackson,138.02,1797,89,7.8,0.5,0.6,0.1,0.7,1.3,75,4.2,256,14.2,85938,3.6,162285,561,99,85,15
290950157002,Jackson,157,1008,79.1,9.3,1.3,5.7,0.2,1,3.5,37,3.7,232,23,47941,15,207692,148,622,19.2,80.8
290950092003,Jackson,92,898,87.5,6,0.8,1.4,0,2.2,2,55,6.1,137,15.3,75000,8.2,270759,291,145,66.7,33.3
290950154001,Jackson,154,985,20.1,63.5,0.6,2.2,0.4,7.3,5.9,158,16,860,87.3,17118,57,90000,11,257,4.1,95.9
290370600042,Cass,600.04,1264,71.3,1.2,1.8,0.7,0.1,22.6,2.3,440,34.8,500,39.6,27857,17.7,19122,303,144,67.8,32.2
290470205001,Clay,205,1629,83.1,8.7,0.9,2.1,0.2,2.4,2.6,138,8.5,359,22,37847,13,108955,414,243,63,37
290950142042,Jackson,142.04,2613,92.8,3.7,0.1,0.8,0.2,0.3,2.1,77,2.9,238,9.1,82415,10.5,251955,1020,34,96.8,3.2
290950133072,Jackson,133.07,1737,25.7,65.7,0.5,0.3,0,3.5,4.3,138,7.9,1346,77.5,27362,22.8,98667,304,456,40,60
290370607002,Cass,607,912,97.5,1.1,0.9,0.3,0,0,0.2,15,1.6,38,4.2,65455,7.6,200000,294,41,87.8,12.2
290370608001,Cass,608,1254,96.5,0.7,1.1,0.2,0.2,0,1.2,23,1.8,65,5.2,59824,8.3,163659,429,30,93.5,6.5
290950134072,Jackson,134.07,1581,87,9.7,0.2,1.3,0.1,0.6,1.2,34,2.2,226,14.3,67262,7.4,246216,503,205,71,29
290950090003,Jackson,90,1338,6.1,90.4,0.1,0.2,0,1.2,2,38,2.8,1267,94.7,50152,14.6,81163,349,177,66.3,33.7
290950078022,Jackson,78.02,748,4.1,91.4,0.4,0,0,1.2,2.8,19,2.5,719,96.1,26458,26.1,44485,149,132,53,47
291650306001,Platte,306,703,88.6,3.3,1.6,0.9,0.9,0.6,4.3,45,6.4,113,16.1,44674,6.8,69200,180,164,52.3,47.7
290950141051,Jackson,141.05,1006,88.2,3.5,1.1,1.4,0.2,1.9,3.8,62,6.2,147,14.6,59325,3.7,128402,240,105,69.6,30.4
290950111001,Jackson,111,980,93.3,2,0.3,0,0.3,2.1,1.9,43,4.4,86,8.8,35588,15.9,102222,317,90,77.9,22.1
290950129063,Jackson,129.06,662,36.9,54.4,0.8,2.9,0,2,3.2,39,5.9,443,66.9,54219,13.8,122376,194,54,78.2,21.8
290950085001,Jackson,85,645,96.4,1.9,0,0.9,0,0.2,0.6,8,1.2,30,4.7,125000,3.1,300000,250,1,99.6,0.4
290950160002,Jackson,160,905,13.4,76.5,1.8,0.7,0,5.7,2,92,10.2,810,89.5,34375,50.9,79659,158,174,47.6,52.4
290950086003,Jackson,86,691,93.8,2.9,0.1,1.6,0,0.4,1.2,19,2.7,58,8.4,46406,6.2,193750,302,78,79.5,20.5
290950157001,Jackson,157,878,73.1,17,0.9,3.9,0,2.5,2.6,53,6,262,29.8,34402,15,327500,83,565,12.8,87.2
290950114061,Jackson,114.06,1454,91.2,2.5,0.6,0.4,0.1,2.5,2.8,77,5.3,157,10.8,61071,8.3,93052,405,82,83.2,16.8
290470213063,Clay,213.06,1926,89.5,4.6,0.3,0.9,0.1,0.7,3.8,102,5.3,278,14.4,72478,2.4,180035,702,36,95.1,4.9
290950171003,Jackson,171,752,5.2,90.7,0.4,0,0,0.3,3.5,13,1.7,716,95.2,42500,20.5,45755,59,250,19.1,80.9
290950181004,Jackson,181,2671,86.4,8.9,0.2,1.9,0,0.9,1.6,88,3.3,420,15.7,78801,1,183500,826,154,84.3,15.7
291650306005,Platte,306,1093,98.1,0.4,0.4,0,0.1,0.5,0.5,14,1.3,28,2.6,73438,6.8,230804,374,40,90.3,9.7
290950136122,Jackson,136.12,3154,82.1,11.7,0.4,3.1,0.2,0.7,1.8,85,2.7,619,19.6,105165,2.8,321906,857,203,80.8,19.2
290370604002,Cass,604,1040,96.4,0.6,1.3,0.4,0,0.3,1,19,1.8,50,4.8,92188,1,296186,355,31,92,8
290950057003,Jackson,57,666,1.4,92.6,1.2,0,0,2,2.9,29,4.4,657,98.6,14439,20.7,48904,164,95,63.3,36.7
290950149021,Jackson,149.02,1295,96.6,0.2,0.3,0.1,0.2,0.8,1.9,37,2.9,67,5.2,69286,11.6,117880,322,122,72.5,27.5
290950149032,Jackson,149.03,3689,96.2,0.5,0.7,0.6,0.2,0.7,1.2,118,3.2,221,6,86404,3.5,206531,1199,73,94.3,5.7
290950095002,Jackson,95,693,42.1,51.2,0.4,0.6,0.3,0.9,4.5,31,4.5,422,60.9,32422,33.7,156790,152,121,55.7,44.3
290950128021,Jackson,128.02,1707,67.5,26.4,0.9,1.1,0,1.3,2.8,64,3.7,590,34.6,53333,11.3,122500,478,233,67.2,32.8
290950141121,Jackson,141.12,790,92.3,3.7,0.1,1.4,0.3,0.9,1.4,23,2.9,80,10.1,85714,0,245408,250,52,82.8,17.2
290950082004,Jackson,82,623,88.6,5.5,0.2,3,0,1.3,1.4,22,3.5,86,13.8,81833,7.9,161158,283,35,89,11
290370613004,Cass,613,2301,77.5,15.9,0.2,0.8,0,1.3,4.2,103,4.5,561,24.4,55000,19.2,139024,394,455,46.4,53.6
290950124004,Jackson,124,661,88,5.6,1.2,0,0.6,1.8,2.7,28,4.2,95,14.4,48804,5.5,94463,243,52,82.4,17.6
290370602023,Cass,602.02,2326,94.2,1.1,0.6,0.5,0,1.2,2.3,98,4.2,194,8.3,52350,6.4,111326,760,192,79.8,20.2
290950132102,Jackson,132.1,865,30.1,60.2,0.5,1.2,0,5.7,2.4,78,9,626,72.4,47321,19,86310,169,127,57.1,42.9
290950138021,Jackson,138.02,1669,88.6,6,0.5,1,0.1,1.2,2.6,73,4.4,233,14,66853,3.6,161957,544,141,79.4,20.6
290950074002,Jackson,74,915,59.8,6.6,0.1,30.5,0,1.1,2,29,3.2,385,42.1,38000,18.2,217000,137,220,38.4,61.6
290950165001,Jackson,165,766,8.5,84.5,0.3,0.1,0,3.1,3.5,60,7.8,721,94.1,29875,14.6,72297,164,115,58.8,41.2
290470213101,Clay,213.1,2770,89.4,3.8,0.8,2.3,0.1,0.8,2.7,124,4.5,379,13.7,95892,2.5,190072,825,78,91.4,8.6
290950162001,Jackson,162,606,22.8,71.8,0.5,0.5,0,1.8,2.6,30,5,482,79.5,18810,33.7,95385,122,131,48.2,51.8
290950083002,Jackson,83,1119,94.4,1.7,0.4,1,0,0.5,2.1,23,2.1,77,6.9,96762,2,247742,417,48,89.7,10.3
290470206032,Clay,206.03,1339,81.8,8.6,0.4,0.7,0,3.4,5.1,109,8.1,292,21.8,47014,16.8,117500,332,171,66,34
290950179003,Jackson,179,1009,89,6.3,0.7,1.4,0,0.7,1.9,50,5,151,15,82692,5.6,163833,316,61,83.8,16.2
290950193003,Jackson,193,1544,86.9,5.6,0.4,2.3,0.4,1.7,2.7,116,7.5,274,17.7,73258,10.9,161828,444,111,80,20
290950080002,Jackson,80,937,3.8,91.6,0.2,0,0,1.4,3,23,2.5,902,96.3,20833,26.5,66957,167,197,45.9,54.1
291650307001,Platte,307,741,97.3,0.7,0,0.4,0,0.3,1.3,25,3.4,41,5.5,57308,7,147143,189,113,62.6,37.4
290950009004,Jackson,9,822,44.3,26.3,1,2.3,0,21.7,4.5,350,42.6,602,73.2,14556,33.3,62083,72,244,22.8,77.2
290950086005,Jackson,86,814,93,2.7,0.4,1.4,0,0.5,2.1,37,4.5,80,9.8,65515,6.2,229297,341,53,86.5,13.5
291650306006,Platte,306,1931,96.4,0.6,0.5,0.5,0,0.8,1.1,51,2.6,101,5.2,77911,6.8,265057,657,58,91.9,8.1
290950134161,Jackson,134.16,2103,30.5,62.1,0.7,1.3,0,2.7,2.7,120,5.7,1502,71.4,58831,6.3,120419,618,154,80.1,19.9
290470209013,Clay,209.01,567,88.7,4.1,0.5,1.2,0.2,2.1,3.2,63,11.1,107,18.9,62778,6.7,107090,206,60,77.4,22.6
290959891001,Jackson,9891,13,84.6,7.7,0,0,0,0,7.7,1,7.7,2,15.4,0,0,0,2,3,40,60
290950044002,Jackson,44,587,76.3,11.2,0,8.7,0,1,2.7,35,6,165,28.1,64432,17,304839,128,264,32.7,67.3
290950084002,Jackson,84,745,95.6,1.1,0.3,1.3,0,0,1.7,17,2.3,49,6.6,161364,0.7,381159,272,9,96.8,3.2
290950101051,Jackson,101.05,1650,78.5,16.4,0.5,1.5,0,0.9,2.1,55,3.3,388,23.5,41326,5.7,157246,350,611,36.4,63.6
290950105004,Jackson,105,690,34.8,58.1,0,0.3,0,1.9,4.9,59,8.6,493,71.4,33571,18.6,66563,175,72,70.9,29.1
290950164002,Jackson,164,1322,30.2,53.8,0.6,0.2,0,10.3,4.9,322,24.4,1093,82.7,19292,39.2,64444,183,295,38.3,61.7
290950020002,Jackson,20,1357,43.8,5.4,1.1,2.9,0,40.5,6.3,821,60.5,963,71,25187,40.2,40865,236,182,56.5,43.5
290370610012,Cass,610.01,1707,94.7,2.3,0.5,0.4,0.1,0.2,1.9,48,2.8,131,7.7,74423,4.1,228478,572,38,93.8,6.2
290950095001,Jackson,95,865,33.6,60.6,1.6,0.1,0,2.2,1.8,42,4.9,594,68.7,29688,33.7,56593,174,167,51,49
290950169003,Jackson,169,826,2.2,94.1,0.2,0.1,0,1.7,1.7,20,2.4,808,97.8,26111,27.9,43199,186,158,54.1,45.9
290950142041,Jackson,142.04,1976,91.2,5.6,0.1,1.2,0.2,0.1,1.6,29,1.5,186,9.4,125841,10.5,351147,762,23,97.1,2.9
290950139163,Jackson,139.16,650,92.5,3.4,0.2,1.1,0.2,0.9,1.8,8,1.2,55,8.5,137500,2.9,380952,199,10,95.2,4.8
291650303061,Platte,303.06,1661,94.3,2.7,0.4,0.8,0,0.1,1.8,36,2.2,117,7,116304,3,216379,497,24,95.4,4.6
290950072002,Jackson,72,1219,93,1.8,0.2,2.1,0,1,1.8,57,4.7,128,10.5,64575,11.7,223182,419,264,61.3,38.7
290950115003,Jackson,115,1196,88,4,0.4,0.3,0.6,3.8,2.9,92,7.7,179,15,20287,29.5,84043,161,274,37,63
290950090002,Jackson,90,622,5.9,89.5,0.8,0,0,1,2.7,25,4,593,95.3,40300,14.6,82644,122,114,51.7,48.3
290950141014,Jackson,141.01,1021,89.6,3.7,0.8,0.7,0,2.2,3,64,6.3,129,12.6,34091,13.9,101327,258,258,50,50
290470206021,Clay,206.02,692,85.4,4.9,0.6,3.6,0,1,4.5,42,6.1,130,18.8,50096,11.2,110526,205,82,71.4,28.6
290950134071,Jackson,134.07,995,90.7,4.8,0.1,2.2,0,0.3,1.9,21,2.1,110,11.1,108889,7.4,236229,370,7,98.1,1.9
291650301033,Platte,301.03,1559,88.5,5.7,0.3,3.3,0.4,0.3,1.5,55,3.5,226,14.5,53780,8.4,155995,471,312,60.2,39.8
290950139011,Jackson,139.01,2209,96.6,1,0.3,0.6,0.1,0.3,1.2,39,1.8,101,4.6,81771,2.3,313576,802,122,86.8,13.2
291650307003,Platte,307,1890,97.4,0.3,0.2,0.2,0.2,0.5,1.3,29,1.5,67,3.5,77949,7,216016,620,114,84.5,15.5
290950117002,Jackson,117,843,87.8,4,0.7,0.8,1.3,1.5,3.8,47,5.6,124,14.7,44420,17.7,73548,184,154,54.4,45.6
290950169001,Jackson,169,822,16.2,78.6,0.2,0,0.5,1.2,3.3,44,5.4,706,85.9,35786,27.9,76250,132,203,39.4,60.6
290950019002,Jackson,19,554,35,39.5,0.5,0.7,0.4,19.9,4,176,31.8,411,74.2,8155,43.8,60161,52,249,17.3,82.7
290950134085,Jackson,134.08,853,75.6,18.4,1.3,0.8,0.1,1.1,2.7,32,3.8,223,26.1,39254,8.5,117969,390,57,87.2,12.8
290950140021,Jackson,140.02,610,96.2,0,2.1,0,0.3,1,0.3,22,3.6,32,5.2,80702,0.7,225000,214,29,88.1,11.9
290950019004,Jackson,19,871,45.2,7.2,2.3,7.2,0,33.3,4.7,488,56,650,74.6,33654,43.8,37500,135,128,51.3,48.7
290950144001,Jackson,144,1409,45.9,48,0.5,1.9,0.1,0.6,3,34,2.4,776,55.1,47807,6.5,177083,325,282,53.5,46.5
290370610011,Cass,610.01,2884,95.1,1.2,0.5,0.9,0,0.2,2,67,2.3,189,6.6,74139,4.1,203283,964,116,89.3,10.7
290950173001,Jackson,173,675,90.8,5.6,0.6,1.2,0,0.4,1.3,14,2.1,74,11,73125,7.9,174648,269,12,95.7,4.3
290470209011,Clay,209.01,1603,87.1,5.4,0.2,3.2,0,0.9,3.2,60,3.7,240,15,105326,6.7,276613,554,11,98.1,1.9
291650302091,Platte,302.09,2439,77.5,9.7,0.7,2.9,1.6,3.7,4,220,9,654,26.8,53769,6.1,126351,585,366,61.5,38.5
290950043002,Jackson,43,1078,68,21.3,1,3.6,0,2.5,3.5,91,8.4,388,36,47187,35,221023,189,366,34.1,65.9
290950082003,Jackson,82,662,85.2,6.8,0.6,2.9,0,1.7,2.9,32,4.8,116,17.5,39375,7.9,152835,256,88,74.4,25.6
290950177003,Jackson,177,1659,90.5,3.9,0.4,0.6,0.8,1,2.8,72,4.3,206,12.4,68438,6.3,141279,512,83,86.1,13.9
291650302073,Platte,302.07,1340,86,6.6,0.4,3.7,0.6,0.3,2.3,32,2.4,212,15.8,62920,7.5,250000,399,167,70.5,29.5
290950021003,Jackson,21,1833,49.4,10.7,0.4,3.2,0.3,32.7,3.3,1139,62.1,1424,77.7,25154,33.3,42457,296,235,55.7,44.3
290950065002,Jackson,65,803,73.6,15.7,0.7,1.6,0.1,3.6,4.6,71,8.8,247,30.8,33021,16.1,128074,195,200,49.4,50.6
290950128043,Jackson,128.04,970,55.6,37,0.2,1.1,0,2.7,3.4,63,6.5,465,47.9,41860,14.7,110791,290,56,83.8,16.2
291650302072,Platte,302.07,914,95.6,0,0,1.4,0,0.8,2.2,36,3.9,59,6.5,66842,7.5,201103,384,28,93.2,6.8
291650300015,Platte,300.01,1499,78.8,11.9,0.3,5.6,0,1.9,1.5,52,3.5,337,22.5,44611,10.5,202128,236,531,30.8,69.2
290470218042,Clay,218.04,1163,96.2,0.8,0.3,0.7,0,0.2,1.9,32,2.8,64,5.5,76653,2.4,195667,364,57,86.5,13.5
290950086001,Jackson,86,852,75.8,19.7,0.5,0.7,0,0.2,3.1,36,4.2,235,27.6,49318,6.2,183542,270,76,78,22
290950058012,Jackson,58.01,632,2.1,93.8,0,0.2,0,1.7,2.2,13,2.1,620,98.1,24333,30.2,60714,123,143,46.2,53.8
290950180001,Jackson,180,886,90.7,2.3,1.1,0.6,0.5,2,2.8,43,4.9,104,11.7,64652,16,120197,274,81,77.2,22.8
290950021002,Jackson,21,980,23.3,63.5,0.2,4.2,0,4,4.9,124,12.7,825,84.2,26212,33.3,51667,70,253,21.7,78.3
290470212062,Clay,212.06,2082,83,4.4,0.4,8.3,0.2,1.5,2.1,139,6.7,445,21.4,70571,2.2,165507,789,69,92,8
290950008004,Jackson,8,1258,38.2,15.6,0.6,4.7,0,36.1,4.9,724,57.6,1005,79.9,29087,30.3,49650,212,167,55.9,44.1
290950084003,Jackson,84,1251,93.6,2.4,0.3,2,0,0.5,1.2,33,2.6,104,8.3,136111,0.7,475926,453,19,96,4
290950139041,Jackson,139.04,2340,91,4.4,0.3,1.5,0,0.6,2.2,88,3.8,269,11.5,67989,1.8,153864,701,130,84.4,15.6
290950011002,Jackson,11,909,74.1,16.6,1.2,2.3,0.3,2,3.4,89,9.8,294,32.3,45848,17.4,169853,26,432,5.7,94.3
290950073001,Jackson,73,796,87.2,4.1,0.1,5,0.1,1.4,2,38,4.8,128,16.1,34149,15.1,186667,63,570,10,90
290950122003,Jackson,122,1384,84.8,6.4,0.8,1.8,0.1,4.6,1.6,115,8.3,256,18.5,32586,9.2,98071,441,160,73.4,26.6
290950112003,Jackson,112,1065,84.8,5.4,0.2,0.3,1,2,6.4,108,10.1,227,21.3,34277,13.9,73382,231,192,54.6,45.4
290470213061,Clay,213.06,1971,87.2,5.2,0.5,2.9,0.1,1.4,2.7,105,5.3,320,16.2,76351,2.4,137202,678,53,92.7,7.3
290470208011,Clay,208.01,1947,93.3,2,0.2,1.7,0.1,0.7,2,53,2.7,164,8.4,54028,10.6,140299,547,315,63.5,36.5
290950170002,Jackson,170,1173,57.3,31.2,0.3,0.9,1.4,6.8,2,149,12.7,560,47.7,28373,19.1,78889,261,302,46.4,53.6
291650306004,Platte,306,1068,97.5,0.2,0.4,0.4,0,0.6,1,29,2.7,47,4.4,42788,6.8,135000,339,112,75.2,24.8
291650303071,Platte,303.07,11,100,0,0,0,0,0,0,0,0,0,0,87500,0,0,1,3,25,75
290950007002,Jackson,7,809,45,14.2,1.1,9,0,25,5.7,359,44.4,576,71.2,31477,33.6,81356,172,77,69.1,30.9
291650304014,Platte,304.01,1231,95.3,1.5,0.8,0.7,0.1,0.4,1.1,11,0.9,63,5.1,68839,1.9,220370,380,53,87.8,12.2
290950114012,Jackson,114.01,1253,88.4,3.8,0.2,0.6,1.3,1.7,4.1,38,3,160,12.8,24328,14.7,93396,334,191,63.6,36.4
290370608003,Cass,608,1811,96.4,0.4,0.6,0.3,0,0.9,1.4,31,1.7,80,4.4,70875,8.3,217686,614,86,87.7,12.3
290370603013,Cass,603.01,2988,83.8,10.8,0.4,0.8,0.2,1.4,2.5,162,5.4,591,19.8,72375,3.8,178265,774,365,68,32
290950021004,Jackson,21,859,45.3,13.2,1.3,4.9,0,32.1,3.3,500,58.2,661,76.9,25292,33.3,85405,140,129,52,48
290950129031,Jackson,129.03,945,39.3,51.1,0,0.6,0,4.2,4.8,77,8.1,592,62.6,35577,19.1,89565,237,94,71.6,28.4
290950125021,Jackson,125.02,617,82.8,10.4,0.5,0.6,0,2.8,2.9,33,5.3,114,18.5,49583,5.4,103689,164,65,71.6,28.4
290470211033,Clay,211.03,796,90.6,2.3,1.8,1.6,1,1.3,1.5,41,5.2,109,13.7,53182,5.4,135849,299,36,89.3,10.7
290470205003,Clay,205,1185,81,8.3,1.4,1.9,0.9,2.7,3.9,102,8.6,264,22.3,40648,13,110473,317,173,64.7,35.3
290950084001,Jackson,84,755,96.2,0.3,1.1,1.1,0,0.4,1.1,10,1.3,36,4.8,213576,0.7,949597,242,2,99.2,0.8
290950136121,Jackson,136.12,2947,84.2,10.2,0.3,2.1,0,0.5,2.6,112,3.8,538,18.3,111029,2.8,273058,925,17,98.2,1.8
290950134084,Jackson,134.08,877,79.6,15.2,0.2,2.3,0.2,1.1,1.4,27,3.1,198,22.6,80533,8.5,265365,285,28,91.1,8.9
290470208014,Clay,208.01,607,85,4.6,1,2.1,0.3,1.6,5.3,39,6.4,114,18.8,70919,10.6,147378,188,94,66.7,33.3
291650303056,Platte,303.05,662,70.5,16.5,0.9,2.7,0.9,2,6.5,48,7.3,220,33.2,30500,6,0,2,285,0.7,99.3
290470212082,Clay,212.08,2601,69.9,19.8,0.8,2.1,0.7,2.8,3.9,223,8.6,890,34.2,32404,10.1,184677,142,1191,10.7,89.3
290470208013,Clay,208.01,709,95.9,1.1,0.1,0.4,0,1.7,0.7,38,5.4,55,7.8,45081,10.6,121905,211,118,64.1,35.9
290370610023,Cass,610.02,821,96,0.9,0.5,0.1,0,1,1.6,17,2.1,43,5.2,82692,6.1,211481,276,16,94.5,5.5
290470213073,Clay,213.07,1800,78.4,12.6,0.6,3.3,0,1.4,3.8,120,6.7,459,25.5,49053,5.9,172699,206,658,23.8,76.2
290950090005,Jackson,90,734,9,86.6,0,0.4,0,1.4,2.6,15,2,669,91.1,20000,14.6,85128,159,120,57,43
290950061003,Jackson,61,689,2.2,93.9,0.6,0,0,1.6,1.7,15,2.2,674,97.8,13343,43.2,49107,179,111,61.7,38.3
291650300014,Platte,300.01,813,79.5,14.1,0.5,0.4,1.1,1.5,3,47,5.8,198,24.4,48036,10.5,171543,189,144,56.8,43.2
290950133093,Jackson,133.09,2239,22.6,70.3,0.2,0.8,0,1.9,4.2,85,3.8,1751,78.2,30000,5.2,74740,296,578,33.9,66.1
290470202023,Clay,202.02,978,79.2,6.9,0.7,10.2,0,0.3,2.7,42,4.3,232,23.7,72375,2.4,305000,329,142,69.9,30.1
290370603012,Cass,603.01,2932,90,5.8,0.7,0.7,0,0.6,2.2,86,2.9,359,12.2,74309,3.8,181263,894,163,84.6,15.4
290950142031,Jackson,142.03,2554,86.7,6.4,0.2,3.6,0.1,0.7,2.2,84,3.3,402,15.7,107749,3.5,223536,902,30,96.8,3.2
290470221001,Clay,221,580,79.5,11.6,0.3,2.8,0,3.8,2.1,58,10,147,25.3,38000,6.6,162500,98,227,30.2,69.8
290950067001,Jackson,67,865,76.5,13.9,0.6,2.5,0.1,3.6,2.8,56,6.5,224,25.9,25109,33,121739,90,435,17.1,82.9
290470211031,Clay,211.03,872,87.4,4.8,0.6,1.9,0.3,2.4,2.5,67,7.7,154,17.7,42031,5.4,154545,259,145,64.1,35.9
291650303062,Platte,303.06,767,95.8,0.3,0.8,1.7,0.1,0.8,0.5,26,3.4,50,6.5,94688,3,282143,258,17,93.8,6.2
290470206045,Clay,206.04,894,82.9,5,0.4,2.9,0.7,4.3,3.8,102,11.4,203,22.7,38822,11,97101,246,140,63.7,36.3
290950009001,Jackson,9,659,58.9,11.8,0,2.9,0,17.6,8.8,211,32,329,49.9,55833,33.3,163839,146,110,57,43
290950175001,Jackson,175,658,61.6,31.9,0.6,2.1,0,1.1,2.7,37,5.6,283,43,52333,13.6,85586,180,74,70.9,29.1
291650305006,Platte,305,622,92.4,2.3,0.8,0.2,0.2,1.6,2.6,32,5.1,62,10,55769,8.6,168750,165,83,66.5,33.5
290950088001,Jackson,88,627,2.2,94.9,0.2,0.2,0,0.2,2.4,7,1.1,614,97.9,25375,30.3,60250,184,74,71.3,28.7
290950105001,Jackson,105,738,54.6,35.5,0.5,0.7,0.1,2.3,6.2,71,9.6,368,49.9,48400,18.6,102778,190,150,55.9,44.1
290370610022,Cass,610.02,1155,96,1.7,0.4,0.2,0,0,1.6,25,2.2,71,6.1,90278,6.1,189464,387,27,93.5,6.5
290950095003,Jackson,95,1013,24.2,70.7,0.1,0.2,0.1,1.1,3.7,34,3.4,781,77.1,40833,33.7,80130,212,159,57.1,42.9
290950177001,Jackson,177,104,97.1,2.9,0,0,0,0,0,0,0,3,2.9,101705,6.3,275000,25,13,65.8,34.2
290950074004,Jackson,74,879,92.5,0.6,0.2,3.5,0.1,0.6,2.5,28,3.2,87,9.9,90365,18.2,309091,316,34,90.3,9.7
291650303058,Platte,303.05,740,95.3,1.8,0.3,0.7,0,0.9,1.1,30,4.1,58,7.8,54338,6,170573,254,27,90.4,9.6
290470213031,Clay,213.03,1552,93.4,1.9,1,1.2,0,0.8,1.7,70,4.5,156,10.1,74268,13.4,203571,505,48,91.3,8.7
290950124001,Jackson,124,1533,79.8,9.8,0.7,1,1.2,4.8,2.7,159,10.4,379,24.7,50704,5.5,114474,444,267,62.4,37.6
291650302011,Platte,302.01,1817,88.4,4.9,0.2,3.5,0.1,1.2,1.8,55,3,246,13.5,100744,7.5,405462,581,100,85.3,14.7
290370604001,Cass,604,1577,97.6,0.4,0.1,0.2,0.3,0.4,1,22,1.4,49,3.1,102320,1,348951,591,34,94.6,5.4
290950074003,Jackson,74,770,83,2.7,0.1,11.3,0,0.6,2.2,21,2.7,142,18.4,62024,18.2,548333,191,299,39,61
290950134081,Jackson,134.08,1731,76.2,16,0.5,3.8,0,1.7,1.8,86,5,465,26.9,49687,8.5,169063,237,507,31.9,68.1
290950091004,Jackson,91,714,82.4,9.9,1.1,1.7,0,1.3,3.6,31,4.3,145,20.3,44861,5.2,156845,252,100,71.6,28.4
291650300013,Platte,300.01,1478,90.5,3.5,0.4,1.9,0.1,1.2,2.5,79,5.3,191,12.9,100000,10.5,192286,511,51,90.9,9.1
290370607001,Cass,607,1362,96.8,0.1,1.1,0.3,0,0.4,1.2,26,1.9,64,4.7,37558,7.6,110309,346,202,63.1,36.9
290950172003,Jackson,172,578,26.1,67,0,1.7,0,1.2,4,22,3.8,438,75.8,25469,19.5,0,20,291,6.4,93.6
290950090001,Jackson,90,604,3.1,90.7,0.2,0.5,0,0,5.5,15,2.5,587,97.2,40862,14.6,82941,131,97,57.5,42.5
290470211015,Clay,211.01,827,77.8,5.1,1.3,1.2,3.9,4.7,6,84,10.2,209,25.3,37961,10.7,119203,213,127,62.6,37.4
290950126001,Jackson,126,1135,62.2,28.7,0.4,0.6,0,3.4,4.7,85,7.5,468,41.2,53972,11.2,114111,331,147,69.2,30.8
290950061001,Jackson,61,1254,2.6,90.7,0.6,0,0.1,2.3,3.7,61,4.9,1231,98.2,35052,43.2,48711,281,181,60.8,39.2
290950128032,Jackson,128.03,1394,74.5,18.7,0.3,1.1,0.1,0.7,4.6,64,4.6,393,28.2,54949,4.8,86000,410,214,65.7,34.3
290950134082,Jackson,134.08,1365,55.5,29.2,0.5,4.3,0.2,7.3,2.9,208,15.2,700,51.3,41087,8.5,132983,209,285,42.3,57.7
290470210031,Clay,210.03,2068,91.1,3.3,0.6,2.3,0,0.4,2.2,83,4,249,12,87312,7.9,176890,764,43,94.7,5.3
290950146032,Jackson,146.03,2230,89.5,4,0.3,1.7,0.8,1.3,2.5,133,6,330,14.8,62368,10.2,129875,811,86,90.4,9.6
290470213062,Clay,213.06,3092,90.5,3.8,0.6,1.7,0,0.6,2.7,171,5.5,420,13.6,63052,2.4,179471,712,502,58.6,41.4
290470210012,Clay,210.01,1633,90.3,0.9,0.9,0.9,0.6,3.4,3.2,122,7.5,218,13.3,59895,22.5,130020,596,90,86.9,13.1
290950102042,Jackson,102.04,1430,78,13.4,0.4,2.7,1.2,1.9,2.4,76,5.3,362,25.3,51464,21.5,95900,429,141,75.3,24.7
290950100023,Jackson,100.02,932,39.3,51.8,0,4.3,0,1.6,3,44,4.7,584,62.7,46724,17.7,0,5,579,0.9,99.1
290470218062,Clay,218.06,1690,96.3,1.1,0.6,0.2,0.1,0,1.7,39,2.3,93,5.5,80566,1.6,211574,589,35,94.4,5.6
291650302112,Platte,302.11,2108,65.7,22.5,0.6,3.3,0.2,2.8,4.9,173,8.2,816,38.7,46572,10,126866,150,856,14.9,85.1
290470212071,Clay,212.07,1808,74.7,15.9,0.4,1.4,0.4,2.5,4.6,142,7.9,534,29.5,54030,5.5,138701,407,302,57.4,42.6
290950122002,Jackson,122,1735,92.1,2.3,0.6,1,0,1.8,2.1,67,3.9,168,9.7,52252,9.2,98973,612,107,85.1,14.9
290950145022,Jackson,145.02,2220,89.6,5.2,0.3,1.7,0.1,0.9,2.1,88,4,285,12.8,45298,6,157317,696,311,69.1,30.9
290950133131,Jackson,133.13,1533,60.2,30.7,0.4,0.8,0,2.9,5,93,6.1,631,41.2,64200,9.6,112682,503,64,88.7,11.3
290950145011,Jackson,145.01,1818,92.1,2.7,0.2,0.8,0.6,2.1,1.5,87,4.8,189,10.4,54500,7.7,134657,628,177,78,22
290370607003,Cass,607,1471,96.2,0.9,0.3,0.1,0.1,0.5,1.9,17,1.2,68,4.6,71453,7.6,163347,475,61,88.6,11.4
290950139042,Jackson,139.04,2023,84.2,10.4,0,2.3,0,0.8,2.2,79,3.9,374,18.5,94676,1.8,178288,653,19,97.2,2.8
290950091003,Jackson,91,1220,87.4,5.7,0.6,1.1,0,2.2,3,67,5.5,187,15.3,73836,5.2,166192,477,139,77.4,22.6
290950170001,Jackson,170,1152,77.8,11.6,0.7,1.2,0.5,4.9,3.3,164,14.2,353,30.6,42727,19.1,85890,330,128,72.1,27.9
290470219001,Clay,219,3780,95.3,0.5,0.7,1.1,0,0.6,1.8,104,2.8,249,6.6,88389,1.5,183982,1238,54,95.8,4.2
290950143002,Jackson,143,2206,63.1,30,0.6,1.6,0,1.1,3.5,102,4.6,860,39,29158,6.9,166739,433,539,44.5,55.5
290950149052,Jackson,149.05,825,92.6,3.2,0.6,1.1,0,1.3,1.2,42,5.1,87,10.5,58043,4.7,124772,225,36,86.2,13.8
290470214042,Clay,214.04,1992,88.4,5.7,0.7,0.3,0.2,1.2,3.6,95,4.8,293,14.7,46098,5.3,148473,466,341,57.7,42.3
290950140061,Jackson,140.06,6096,93.7,1.7,0.6,0.8,0.1,1.1,2,275,4.5,541,8.9,72669,0.7,166423,1727,426,80.2,19.8
290950075001,Jackson,75,822,6.7,89.8,0.2,0.4,0,1,1.9,12,1.5,769,93.6,26378,39,67500,166,151,52.4,47.6
290950069001,Jackson,69,420,86.7,4,0,7.4,0,1,1,15,3.6,66,15.7,43661,23.8,235870,145,160,47.5,52.5
290950133133,Jackson,133.13,1595,52.4,34.6,0.6,0.7,0,7.2,4.6,205,12.9,831,52.1,52727,9.6,95780,437,150,74.4,25.6
290470209014,Clay,209.01,1384,88,2.8,1.2,3.3,0.4,2.2,2.1,84,6.1,208,15,63616,6.7,141732,500,88,85,15
290950114051,Jackson,114.05,2690,67.6,17.1,1.1,0.3,2.1,3.2,8.6,271,10.1,965,35.9,12972,53.3,112500,255,808,24,76
290470205002,Clay,205,768,75.4,13.7,0.3,4.2,0.4,3.4,2.7,69,9,213,27.7,35464,13,22368,95,259,26.8,73.2
290470212084,Clay,212.08,780,77.3,14,0.9,2.8,0,2.2,2.8,53,6.8,210,26.9,101801,10.1,162832,180,101,64.1,35.9
290950132031,Jackson,132.03,966,33.6,57,0.5,0.4,0.3,3.9,4.1,64,6.6,655,67.8,49348,28.2,86703,185,142,56.6,43.4
290950006001,Jackson,6,1094,52.8,4.7,0.3,6.6,0,29.1,6.6,594,54.3,748,68.4,33150,43.8,64464,167,190,46.8,53.2
290470204002,Clay,204,1498,62.3,17.9,0.2,4.4,1.7,9.5,3.9,253,16.9,652,43.5,39881,7.9,118669,231,432,34.8,65.2
290950120002,Jackson,120,792,80.9,11.2,0.6,1.5,0.4,1.6,3.7,61,7.7,193,24.4,39719,9.9,87143,276,127,68.5,31.5
290950166001,Jackson,166,1090,5.1,89.5,0.1,0.2,0.1,1.8,3.1,60,5.5,1059,97.2,24022,50.2,50313,157,336,31.8,68.2
290950088002,Jackson,88,625,6.1,89.9,0,0.2,0,0.5,3.4,11,1.8,588,94.1,29130,30.3,85455,127,172,42.5,57.5
290950156001,Jackson,156,556,89,2.9,0.9,1.1,1.3,2.9,2,82,14.7,121,21.8,18333,44.6,16641,184,54,77.3,22.7
290470206042,Clay,206.04,682,88.9,4.3,0.9,1.3,0,2.1,2.6,49,7.2,108,15.8,43790,11,111146,264,31,89.5,10.5
290950149022,Jackson,149.02,744,95.6,0.4,0.1,0,0.3,0.9,2.7,26,3.5,49,6.6,35300,11.6,86087,203,108,65.3,34.7
290950100021,Jackson,100.02,1297,60,29.2,0.4,2.2,0,3.7,4.5,110,8.5,568,43.8,43333,17.7,146814,306,359,46,54
290470217013,Clay,217.01,1505,91.9,2.5,0.9,1.3,0,1.6,1.8,50,3.3,146,9.7,50091,8.3,132530,352,242,59.3,40.7
290950078021,Jackson,78.02,458,4.8,91.7,0.4,0.2,0,0.7,2.2,10,2.2,436,95.2,54500,26.1,61883,103,88,53.9,46.1
290950060001,Jackson,60,421,3.3,91.2,0.2,0.2,0,2.4,2.6,13,3.1,408,96.9,17750,44.2,34211,99,95,51,49
290950052001,Jackson,52,697,11.6,81.9,0.7,0.4,0,0.6,4.7,27,3.9,631,90.5,9773,66.4,44602,100,207,32.6,67.4
290950010002,Jackson,10,1199,38.7,29.7,1.4,9,1,16.7,3.5,349,29.1,854,71.2,30909,33.4,104310,126,375,25.1,74.9
290950099002,Jackson,99,912,89.7,5.4,0.2,2.6,0,1.5,0.5,61,6.7,138,15.1,48088,5.6,134923,386,39,90.8,9.2
290950116006,Jackson,116,737,92.4,4.2,0.1,0,0.8,0.8,1.6,30,4.1,80,10.9,23313,21.6,72174,84,191,30.5,69.5
290950107021,Jackson,107.02,895,84.1,9.4,0.3,1.7,0,3.5,1,48,5.4,164,18.3,49444,17.8,105282,353,54,86.7,13.3
290950134052,Jackson,134.05,513,75.8,18.7,0,1.4,0.6,0.6,2.9,12,2.3,128,25,67500,37.3,280556,223,55,80.2,19.8
290950076001,Jackson,76,772,10.8,86.4,0,0.1,0.1,1,1.6,25,3.2,701,90.8,29185,34,83167,153,136,52.9,47.1
290950122004,Jackson,122,1675,81.7,5.8,0.7,1.1,0.4,7,3.3,202,12.1,366,21.9,57329,9.2,144586,511,152,77.1,22.9
290470211022,Clay,211.02,2051,84.9,6.9,1.1,0.8,0.1,2.3,3.8,128,6.2,376,18.3,37009,7.7,123358,533,515,50.9,49.1
291650303051,Platte,303.05,506,90.9,5.7,0,1.2,0.2,0.6,1.4,14,2.8,57,11.3,32630,6,171471,81,204,28.4,71.6
290370611003,Cass,611,1188,96.5,0.8,0.2,0.1,0,0.6,1.8,16,1.3,52,4.4,64595,7.1,150641,379,72,84,16
290950138022,Jackson,138.02,1801,89.6,5.6,0.3,1.2,0.1,1,2.3,88,4.9,243,13.5,82565,3.6,159066,582,89,86.7,13.3
290950113002,Jackson,113,2048,85.6,5.7,0.9,0.8,0.5,2.3,4.1,135,6.6,366,17.9,49071,24.2,92035,494,283,63.6,36.4
290950131001,Jackson,131,1050,28.1,61.3,0.8,0.5,0.1,5.4,3.8,101,9.6,787,75,34268,19.9,64712,128,297,30.1,69.9
290950193001,Jackson,193,2460,85.6,8.8,0.4,0.8,0,0.9,3.6,99,4,407,16.5,56345,10.9,213424,770,237,76.5,23.5
290950063002,Jackson,63,1141,5.5,89.3,1.1,0.1,0.4,0.3,3.3,28,2.5,1085,95.1,16939,37.1,55323,139,420,24.9,75.1
290950141053,Jackson,141.05,1271,87.6,5,0.3,0.8,0.5,0.9,4.9,57,4.5,193,15.2,52167,3.7,114706,306,146,67.7,32.3
291650303052,Platte,303.05,994,84.2,7,0.2,3.2,0,0.8,4.5,52,5.2,194,19.5,50000,6,176875,204,240,45.9,54.1
290470212041,Clay,212.04,2538,78.3,9.7,0.6,3.8,0.6,2.8,4.2,240,9.5,684,27,61531,18.6,140990,788,182,81.2,18.8
290470216002,Clay,216,782,92.6,2.4,0.1,0.8,0.1,1.5,2.4,33,4.2,78,10,70568,9.3,171658,252,9,96.6,3.4
290950119001,Jackson,119,926,84.9,4,1.3,0.1,0.2,7.5,2.1,154,16.6,224,24.2,32198,14.9,84706,290,133,68.6,31.4
290470213052,Clay,213.05,1356,89.7,4.6,0.2,1.1,0.1,2.4,1.9,96,7.1,188,13.9,86920,3.7,210988,449,11,97.6,2.4
290950095004,Jackson,95,574,12.2,81.9,0.2,0.3,0,0.9,4.5,26,4.5,516,89.9,17009,33.7,65000,14,245,5.4,94.6
290950098003,Jackson,98,937,77.1,12.6,0.9,1.9,0,2.3,5.2,67,7.2,255,27.2,41961,7.1,123404,365,78,82.4,17.6
290950082002,Jackson,82,746,92.6,2.3,0.8,1.6,0,1.3,1.3,36,4.8,80,10.7,83611,7.9,169667,304,47,86.6,13.4
291650300012,Platte,300.01,1528,89.2,6.2,0.6,0.6,0.6,0.7,2.1,61,4,211,13.8,72743,10.5,175649,564,28,95.3,4.7
290470211023,Clay,211.02,708,91.4,1.7,0.8,1.7,0,1.6,2.8,38,5.4,86,12.1,82102,7.7,156211,253,25,91,9
290950179002,Jackson,179,1551,79.8,12.7,1,2.1,0.3,1.4,2.6,68,4.4,352,22.7,39831,5.6,110227,130,777,14.3,85.7
290950022003,Jackson,22,1018,37.3,27.6,1,3,0.5,26.5,4,446,43.8,789,77.5,32606,43.1,31944,165,152,52.1,47.9
290470203002,Clay,203,1220,77,9.3,1,4.7,2,2.8,3.4,97,8,322,26.4,43030,13.8,125405,360,153,70.2,29.8
290950139043,Jackson,139.04,2480,87.3,7,0.3,2.3,0,0.3,2.8,75,3,375,15.1,114113,1.8,244600,760,13,98.3,1.7
290950114013,Jackson,114.01,4278,83.5,8.3,0.4,1.1,1.3,2,3.5,255,6,826,19.3,47071,14.7,117680,858,1031,45.4,54.6
290950135022,Jackson,135.02,3195,92,5.4,0.2,0.3,0,0.5,1.6,122,3.8,352,11,77666,3.4,152389,998,43,95.9,4.1
290950056021,Jackson,56.02,824,1.9,96.5,0.1,0,0,0.6,0.8,9,1.1,809,98.2,21500,34.5,55385,188,123,60.5,39.5
290370600031,Cass,600.03,1264,87.9,4.1,0.5,0.4,0.2,4.4,2.5,153,12.1,246,19.5,31063,11.9,43118,311,235,57,43
290470211021,Clay,211.02,1301,80.6,8.9,0.2,1.4,1.8,2,5.1,75,5.8,296,22.8,57081,7.7,189615,344,248,58.1,41.9
290950066001,Jackson,66,733,89.1,2.2,0.5,4.2,0,1.2,2.7,50,6.8,117,16,78211,22.7,238043,199,282,41.4,58.6
290950123001,Jackson,123,1803,92.2,2.9,0.4,0.7,0.1,1.2,2.6,59,3.3,169,9.4,64273,9.6,160577,743,71,91.3,8.7
290950018004,Jackson,18,743,42.8,27.6,0.5,1.2,1.3,21.7,4.8,277,37.3,506,68.1,18484,26.5,63125,99,154,39.1,60.9
290950038002,Jackson,38,954,3.4,92,0,0.2,0.1,0.6,3.7,22,2.3,922,96.6,21654,50,113889,144,262,35.5,64.5
290950176001,Jackson,176,2157,57.3,36.5,0.4,1.7,0,0.8,3.4,92,4.3,979,45.4,71520,4.5,133824,701,92,88.4,11.6
290950074001,Jackson,74,974,77.5,6.9,0.3,10.9,0.1,1.3,3,42,4.3,240,24.6,100694,18.2,326852,132,141,48.4,51.6
290950129033,Jackson,129.03,1360,28.2,61.3,0.1,0.5,0,6,4,120,8.8,999,73.5,37206,19.1,84636,406,137,74.8,25.2
290950079003,Jackson,79,587,4.3,87.7,0.5,0,0,2.2,5.3,15,2.6,564,96.1,31167,40.8,55593,166,66,71.6,28.4
290950101052,Jackson,101.05,734,91.8,4.4,0.3,1.4,0,0.8,1.4,10,1.4,64,8.7,82692,5.7,196364,288,14,95.4,4.6
290950037001,Jackson,37,1008,6.6,89.7,0.2,0,0,1.1,2.4,38,3.8,953,94.5,17823,47.9,44203,188,218,46.3,53.7
290950114062,Jackson,114.06,2601,85,5,0.6,1,1.8,3,3.7,178,6.8,461,17.7,44845,8.3,121695,684,272,71.5,28.5
290950129032,Jackson,129.03,656,38.6,51.8,0.5,1.2,0,5.6,2.3,52,7.9,419,63.9,44813,19.1,81863,175,59,74.8,25.2
290950058011,Jackson,58.01,496,3,94.2,0,0,0,1.4,1.4,13,2.6,486,98,25000,30.2,60667,154,65,70.3,29.7
290470204001,Clay,204,967,91.2,2.9,0.2,3,0,0.9,1.8,55,5.7,126,13,55068,7.9,118062,356,83,81.1,18.9
290950136082,Jackson,136.08,1468,95.4,2.2,0.1,0.7,0.3,0.3,1,25,1.7,85,5.8,25820,11.5,129167,134,1006,11.8,88.2
290950167002,Jackson,167,1454,59.1,21.6,0.9,1.7,0.4,12.4,3.8,267,18.4,647,44.5,24588,18.9,207051,93,830,10.1,89.9
290950034001,Jackson,34,709,30,46.4,0.8,0,0,18.2,4.5,229,32.3,579,81.7,24144,48.5,65550,143,119,54.6,45.4
290950167003,Jackson,167,895,58.3,21.7,1.2,2.2,0,13.7,2.8,230,25.7,469,52.4,33819,18.9,140385,70,431,14,86
290370603011,Cass,603.01,3227,82.1,13.3,0.3,1.4,0,0.1,2.8,81,2.5,643,19.9,77848,3.8,218849,916,299,75.4,24.6
290950180003,Jackson,180,790,89.9,5.4,0.5,0.5,0.1,0.8,2.8,31,3.9,99,12.5,61421,16,105983,214,132,61.8,38.2
290470212083,Clay,212.08,1227,89.2,5.1,0.3,0.7,0.1,1.6,3,88,7.2,193,15.7,59310,10.1,137669,423,69,86,14
290950146014,Jackson,146.01,1054,89.8,1.3,0.7,0.9,0.9,4.4,2.1,74,7,132,12.5,60577,10,132806,383,42,90.1,9.9
290470211034,Clay,211.03,788,88.7,4.8,0.1,1.4,0.6,2,2.3,51,6.5,118,15,78084,5.4,152308,241,57,80.9,19.1
290950093002,Jackson,93,695,90.5,2,1,1.4,0,2.6,2.4,43,6.2,86,12.4,53667,11.3,128708,316,75,80.8,19.2
290470218054,Clay,218.05,1842,96.8,0.5,0.4,0.5,0.1,0,1.6,27,1.5,83,4.5,114333,2.3,316800,603,43,93.3,6.7
290950138012,Jackson,138.01,2604,90,5.3,0.2,0.7,0.2,1,2.6,102,3.9,328,12.6,81813,7.9,172643,810,121,87,13
290470211016,Clay,211.01,656,83.2,4,0.8,1.1,4.1,2.9,4,53,8.1,136,20.7,44133,10.7,132982,196,88,69,31
290950133071,Jackson,133.07,967,21.9,71.3,0.6,0.9,0,2,3.3,47,4.9,772,79.8,47283,22.8,93671,279,55,83.5,16.5
290370600044,Cass,600.04,2051,89.7,4.9,0.9,1,0,1.5,2.1,95,4.6,264,12.9,67311,17.7,127549,646,41,94,6
290950089002,Jackson,89,1512,5.4,90.3,0.2,0.3,0,0.2,3.6,41,2.7,1449,95.8,25765,31.2,53239,240,337,41.6,58.4
290470218033,Clay,218.03,2458,88.1,4,0.7,2.2,0,1.9,3.3,131,5.3,368,15,78430,1.7,170135,805,42,95,5
290950132103,Jackson,132.1,713,25.7,70.7,0,0.1,0,1.4,2.1,28,3.9,533,74.8,44213,19,82097,180,72,71.4,28.6
290950163001,Jackson,163,1021,66.6,10.8,0.2,0.7,0.2,17.7,3.8,298,29.2,446,43.7,25781,51.8,20833,288,158,64.6,35.4
290950171001,Jackson,171,1073,1.5,93.8,1.2,0.1,0,0.4,3.1,19,1.8,1057,98.5,33352,20.5,65608,288,113,71.8,28.2
290950133132,Jackson,133.13,1702,50.8,40.9,0.3,1.4,0,3.7,2.9,105,6.2,873,51.3,75790,9.6,123678,525,93,85,15
290950096002,Jackson,96,659,24.7,66.9,1.4,0.5,0,3.2,3.3,24,3.6,498,75.6,23947,51.5,62439,126,124,50.4,49.6
291650301034,Platte,301.03,1838,86.9,5.9,0.7,2.4,0.3,1.2,2.6,112,6.1,315,17.1,52784,8.4,154938,516,238,68.4,31.6
290470217026,Clay,217.02,1053,95.9,1.4,0.4,0,0.1,0.7,1.5,16,1.5,50,4.7,57647,19.2,96116,284,171,62.4,37.6
290950141082,Jackson,141.08,1808,86.1,8.4,0.9,1.4,0,0.9,2.4,80,4.4,306,16.9,70375,14.3,126840,417,257,61.9,38.1
290950139013,Jackson,139.01,908,95.6,2,0.1,0.7,0,0.2,1.4,11,1.2,49,5.4,103750,2.3,281707,322,11,96.7,3.3
290950063001,Jackson,63,535,12.3,78.5,0.9,0,0,4.3,3.9,56,10.5,487,91,34167,37.1,40625,61,138,30.7,69.3
290370601001,Cass,601,665,72.6,11.3,0.9,3,0.2,4.8,7.2,109,16.4,228,34.3,43250,8.2,0,1,149,0.7,99.3
290370600032,Cass,600.03,2090,84.3,7.9,0.6,2.1,0.2,2,2.9,121,5.8,400,19.1,71149,11.9,131269,618,134,82.2,17.8
290950098001,Jackson,98,739,36.7,57,0.1,2.3,0,1.4,2.6,30,4.1,483,65.4,45328,7.1,141667,46,357,11.4,88.6
290950141083,Jackson,141.08,1629,91.7,2.9,0.8,0.7,0.4,1.4,2.2,121,7.4,221,13.6,43421,14.3,119231,513,133,79.4,20.6
290950142032,Jackson,142.03,1531,88.3,6.5,0.2,3.1,0,0.5,1.4,25,1.6,196,12.8,103500,3.5,286139,559,18,96.9,3.1
290950087002,Jackson,87,1149,9.1,86.4,0.3,0.1,0,0.3,3.8,19,1.7,1050,91.4,25798,28.2,64800,234,190,55.2,44.8
290950107022,Jackson,107.02,2628,28.9,63.6,0.4,0.8,0,2.1,4.1,137,5.2,1916,72.9,33252,17.8,98584,300,850,26.1,73.9
290470213071,Clay,213.07,776,81.2,13,0.1,0.4,0.8,1.2,3.4,34,4.4,171,22,93229,5.9,142763,165,119,58.1,41.9
290950126004,Jackson,126,1309,75.7,16.2,0.5,1.3,0.6,2.1,3.6,86,6.6,361,27.6,29762,11.2,87813,239,377,38.8,61.2
290370606004,Cass,606,3174,96.3,0.5,0.4,0.6,0,0.8,1.4,82,2.6,164,5.2,58061,6.1,145761,894,246,78.4,21.6
290470213072,Clay,213.07,3314,89.6,3.4,0.2,2.9,0,1.5,2.3,220,6.6,495,14.9,103150,5.9,215510,959,70,93.2,6.8
290950120003,Jackson,120,1062,82.6,10.2,1.1,1.6,0.2,2.4,2,78,7.3,227,21.4,45192,9.9,100820,349,123,73.9,26.1
290950019003,Jackson,19,644,44.4,15.2,1.2,3,0.5,29.5,6.2,340,52.8,462,71.7,22962,43.8,61250,94,101,48.2,51.8
290950130034,Jackson,130.03,573,36.6,53.4,0.3,0.5,0,4.7,4.4,67,11.7,388,67.7,31500,19.9,89655,176,46,79.3,20.7
290950132082,Jackson,132.08,1466,22,69.3,0.4,0.3,0.2,4,3.7,125,8.5,1199,81.8,27386,25.4,118438,204,419,32.7,67.3
290950137033,Jackson,137.03,1448,91.5,3.7,0.7,0.3,0.2,0.7,2.9,68,4.7,171,11.8,59625,23.8,124645,293,356,45.1,54.9
290950057002,Jackson,57,511,1.6,94.7,0.4,0,0,1.4,2,13,2.5,503,98.4,48750,20.7,51800,107,111,49.1,50.9
290950111003,Jackson,111,1390,89.8,2.9,0.9,0.9,0.4,1.8,3.2,123,8.8,220,15.8,38490,15.9,89560,341,239,58.8,41.2
290950087001,Jackson,87,1352,7.1,87.3,0.4,0.4,0,1,3.8,35,2.6,1263,93.4,28816,28.2,73365,261,320,44.9,55.1
290950178002,Jackson,178,482,48.1,35.7,1.7,1.7,0,11.2,1.7,87,18,279,57.9,31818,36.4,110345,35,239,12.8,87.2
290950110003,Jackson,110,1126,82.1,3.2,2.2,0.3,0.8,5.4,6,130,11.5,249,22.1,34236,25,69861,285,164,63.5,36.5
290950178003,Jackson,178,687,57.8,31,0.9,0.9,0,5.8,3.6,92,13.4,329,47.9,32708,36.4,137857,122,231,34.6,65.4
291650305002,Platte,305,908,83.7,8.1,1.1,2.8,0.2,1.8,2.3,45,5,164,18.1,103125,8.6,170548,140,296,32.1,67.9
290470214032,Clay,214.03,1426,87.7,5,0.4,1.1,0,2.1,3.6,74,5.2,216,15.1,41064,15.2,95565,268,323,45.3,54.7
291650302074,Platte,302.07,1004,87,7.6,0.5,1.9,0.1,0.8,2.2,15,1.5,137,13.6,93750,7.5,218000,303,78,79.5,20.5
290950129065,Jackson,129.06,1375,30.5,59.6,0.3,4,0.1,1.7,3.9,41,3,965,70.2,48409,13.8,92875,331,142,70,30
290950148062,Jackson,148.06,1581,84.6,7.6,0.7,2.7,0.4,0.8,3.3,57,3.6,278,17.6,81484,1.1,216351,477,189,71.6,28.4
290950124003,Jackson,124,963,84.6,7.2,1,0.5,0,3.2,3.4,78,8.1,184,19.1,43777,5.5,89461,374,53,87.6,12.4
290950115001,Jackson,115,646,81.3,6.2,0.3,0.5,0,6.7,5.1,78,12.1,143,22.1,13977,29.5,74857,120,161,42.7,57.3
290950052002,Jackson,52,495,19.2,76.2,0.2,0.2,0,2,2.2,22,4.4,412,83.2,12616,66.4,1012500,54,180,23.1,76.9
290470205006,Clay,205,695,83.6,7.6,0.3,0.9,0.1,2.7,4.7,65,9.4,154,22.2,35000,13,125549,200,80,71.4,28.6
290370603021,Cass,603.02,3502,92.2,3.3,0.6,1.1,0.1,0.6,2.2,108,3.1,349,10,72115,2.4,168678,1072,205,83.9,16.1
290950118003,Jackson,118,1039,77.9,7.8,0.9,1.1,0.4,6.9,5.1,146,14.1,285,27.4,35385,26.6,72929,208,202,50.7,49.3
290950137043,Jackson,137.04,2548,87.1,7.5,0.4,1.9,0.1,1.3,1.8,83,3.3,371,14.6,87211,4.1,196185,820,91,90,10
290950155002,Jackson,155,475,75.4,1.7,1.9,6.3,0,12.2,2.5,141,29.7,186,39.2,43571,44,39145,142,74,65.7,34.3
290950168004,Jackson,168,1191,68.3,18.8,0.3,2.3,0.3,6.3,3.7,150,12.6,438,36.8,19917,24.5,146939,79,698,10.2,89.8
290950149043,Jackson,149.04,2840,90,4.9,0.7,1.1,0,1,2.2,140,4.9,382,13.5,79247,9.7,163807,885,97,90.1,9.9
290370605002,Cass,605,1163,97.2,0.9,0.9,0.1,0,0.2,0.9,6,0.5,39,3.4,65093,3.6,167105,397,39,91.1,8.9
291650302093,Platte,302.09,1482,87.5,5.5,0.6,2,1.1,1.6,1.8,71,4.8,227,15.3,54610,6.1,136015,483,126,79.3,20.7
290950156002,Jackson,156,1861,71.1,10.3,1.1,0.5,0.1,12.6,4.4,426,22.9,682,36.6,24189,44.6,43029,292,482,37.7,62.3
290950147021,Jackson,147.02,1189,94.4,1.3,0.3,1.3,0,1.8,0.9,63,5.3,105,8.8,77524,1.4,140241,431,37,92.1,7.9
290950125012,Jackson,125.01,1546,79.4,13,0.3,1.4,0,1.2,4.8,84,5.4,367,23.7,64429,14.3,106989,518,128,80.2,19.8
290950134012,Jackson,134.01,760,51.6,26.8,0.5,1.2,0.3,15.8,3.8,262,34.5,492,64.7,34500,29.4,114706,50,217,18.7,81.3
290950155001,Jackson,155,940,74.5,4.4,1,0.2,0,16.8,3.2,279,29.7,335,35.6,23278,44,49554,174,150,53.7,46.3
290950086004,Jackson,86,1502,96.1,0.9,0.3,0.9,0,0.3,1.3,42,2.8,93,6.2,104950,6.2,240833,622,39,94.1,5.9
290950129042,Jackson,129.04,714,45.1,45.5,0.8,4.5,0.4,0.4,3.2,29,4.1,414,58,59857,8.1,129713,253,34,88.2,11.8
290470211025,Clay,211.02,858,88,5.4,0.8,1.9,0,1.9,2.1,49,5.7,120,14,52500,7.7,124695,304,52,85.4,14.6
290950009002,Jackson,9,1027,41,18.7,1.5,4.2,0,29.9,4.8,514,50,772,75.2,24265,33.3,45230,152,145,51.2,48.8
290950089001,Jackson,89,627,1.9,93,0.2,0,0,1.4,3.5,16,2.6,618,98.6,45227,31.2,85909,183,57,76.3,23.8
290950130033,Jackson,130.03,1953,23.8,67.5,0.1,0.7,0,4,3.9,136,7,1537,78.7,40875,19.9,75514,265,618,30,70
290470210042,Clay,210.04,820,88.8,4.5,1.1,2.4,0,0.6,2.6,50,6.1,121,14.8,49962,5.5,119894,292,32,90.1,9.9
290950085003,Jackson,85,1993,95.4,1,0.1,1.3,0,1.1,1.2,48,2.4,113,5.7,132500,3.1,372135,738,24,96.9,3.1
290950146031,Jackson,146.03,1426,88,3.4,0.8,1.8,0.9,2.6,2.5,109,7.6,231,16.2,54500,10.2,111125,487,63,88.5,11.5
290950117005,Jackson,117,1029,77.6,8.3,0.5,0.6,0,7.4,5.7,141,13.7,281,27.3,30161,17.7,82813,143,300,32.3,67.7
290470206033,Clay,206.03,1477,91.2,2.7,1.2,0.5,0,2.3,2.2,103,7,182,12.3,49405,16.8,99722,426,126,77.2,22.8
290950147011,Jackson,147.01,3709,83.5,10,0.3,2,0.4,1.9,1.9,189,5.1,712,19.2,49160,11.2,200579,604,1049,36.5,63.5
290950110002,Jackson,110,621,91.3,1.1,0.5,0,0,5.2,1.9,81,13,101,16.3,45833,25,77273,179,83,68.3,31.7
290950167001,Jackson,167,1019,72.6,17.1,0.6,1.7,0.3,4.1,3.6,111,10.9,337,33.1,34821,18.9,222500,135,515,20.8,79.2
290950101033,Jackson,101.03,853,36.1,55,0.5,2.5,0,0.8,5.2,43,5,566,66.4,48690,13.4,126786,273,111,71.1,28.9
291650301032,Platte,301.03,1451,93.8,1,0,2.7,0.1,0.1,2.3,43,3,127,8.8,176823,8.4,444922,461,11,97.7,2.3
290470212061,Clay,212.06,925,84.9,7.8,0.8,1.6,0,1.8,3.1,47,5.1,155,16.8,40417,2.2,140823,280,60,82.4,17.6
290950133092,Jackson,133.09,1182,38.3,54.8,0.2,1.3,0,1.8,3.6,72,6.1,768,65,72944,5.2,131949,387,30,92.8,7.2
290950102033,Jackson,102.03,1487,72,20.6,0.4,2.9,0.1,1.7,2.4,91,6.1,472,31.7,57561,4.5,130390,458,63,87.9,12.1
290470210041,Clay,210.04,1404,87,3.6,0.3,1.2,0.6,2.4,4.9,116,8.3,243,17.3,54348,5.5,110761,412,223,64.9,35.1
290950053002,Jackson,53,660,31.2,62,0.2,1.4,0,2.6,2.7,44,6.7,480,72.7,36554,42.7,143182,127,129,49.6,50.4
290950148061,Jackson,148.06,1800,91.3,2.9,0.2,2.1,0.2,0.7,2.6,90,5,226,12.6,84265,1.1,170508,549,98,84.9,15.1
290470218063,Clay,218.06,1375,94.3,0.4,0.3,0.8,0,1.6,2.5,47,3.4,92,6.7,37778,1.6,120000,247,380,39.4,60.6
290950137042,Jackson,137.04,1650,92.5,2.8,0.2,0.6,0.1,1.6,2,65,3.9,151,9.2,52062,4.1,136961,512,165,75.6,24.4
290950101053,Jackson,101.05,1000,90.3,6.1,0,2.3,0.1,0.2,1,29,2.9,119,11.9,116667,5.7,275490,381,3,99.2,0.8
291650301012,Platte,301.01,1215,91.4,2.1,0.3,0.3,0,1.8,4,71,5.8,136,11.2,63333,5.5,138309,410,92,81.7,18.3
290950126003,Jackson,126,1013,76.7,14.8,0.9,0.8,0.6,2,4.2,57,5.6,264,26.1,46136,11.2,94054,292,173,62.8,37.2
290950046003,Jackson,46,676,82.2,10.8,0.9,0.9,0,2.4,2.8,68,10.1,157,23.2,52877,18.3,228077,137,209,39.6,60.4
290950011001,Jackson,11,800,66.5,21.6,0.3,3.5,0,4.4,3.8,98,12.3,315,39.4,24265,17.4,131731,102,527,16.2,83.8
290950154002,Jackson,154,1501,10.6,82.8,0.6,0.3,0.7,1.2,3.8,60,4,1360,90.6,11958,57,55000,12,467,2.5,97.5
290950149042,Jackson,149.04,1540,89,5.6,0.2,1.3,0.1,0.6,3.1,69,4.5,221,14.4,73000,9.7,194654,360,274,56.8,43.2
290470217024,Clay,217.02,781,89,3.1,2.4,0.1,0,1.3,4.1,31,4,99,12.7,50304,19.2,86400,137,159,46.3,53.7
290950114063,Jackson,114.06,1600,88.3,2.1,1.3,0.6,1.4,3.2,3.2,131,8.2,243,15.2,64091,8.3,104295,467,67,87.5,12.5
290950081002,Jackson,81,1555,17,79.5,0.5,0.6,0,0.3,2,23,1.5,1298,83.5,33750,19.6,66511,342,274,55.5,44.5
290470211032,Clay,211.03,1185,88.4,4.1,0.3,1.4,0.1,1.2,4.5,74,6.2,189,15.9,61190,5.4,182609,357,141,71.7,28.3
290470220001,Clay,220,1446,97.6,0.4,0.2,0.6,0,0.3,0.8,18,1.2,45,3.1,36016,12.4,144000,432,212,67.1,32.9
290950100022,Jackson,100.02,1287,49.3,39.6,0.9,2.9,0,3.7,3.7,103,8,680,52.8,24826,17.7,129425,150,592,20.2,79.8
290950110004,Jackson,110,951,84.4,4.6,1.4,0,0.1,6.2,3.3,109,11.5,178,18.7,29221,25,58534,211,195,52,48
290950140071,Jackson,140.07,4468,90.6,3.8,0.5,0.6,0.1,1.2,3.2,234,5.2,554,12.4,57399,19.6,168382,775,832,48.2,51.8
290470213054,Clay,213.05,2256,93.6,2.7,0.1,1,0,0.9,1.7,110,4.9,229,10.2,83580,3.7,145072,756,69,91.6,8.4
290470202011,Clay,202.01,997,81.3,3.1,0.8,6.6,2.1,3.7,2.3,107,10.7,247,24.8,29357,16,89717,284,134,67.9,32.1
290950102031,Jackson,102.03,1370,63.5,27.4,0.1,2.8,0.4,3.4,2.3,76,5.5,523,38.2,57611,4.5,130970,409,111,78.7,21.3
290470202021,Clay,202.02,1832,93,2.8,0.2,1.7,0,1.1,1.1,83,4.5,187,10.2,101774,2.4,245982,759,30,96.2,3.8
